cookie_id,score
ck_315fb710a0e371e7,0.00420183218642603
ck_a76ee3b3e3e522fd,0.17093659757791738
ck_94c9a4d382689e82,0.03776816833839693
ck_8eaf9509ad9462a0,0.004946316359637197
ck_9a88a5a989cb5bc6,0.03146707611627351
ck_15239ef0689c1a35,0.028331860519162814
ck_8de69cd219d3b87f,0.31726464674098226
ck_f92cd37022b0ce21,0.017550552855207492
ck_1a3ff7620580a514,0.011167931025690879
ck_397c03aa33a57310,0.33966717802775753
ck_a7cf6c3b322f6b7a,0.009524095136029065
ck_c39a9e75760e3201,0.030553526465882178
ck_88ab6d245228c38e,0.0028559452315392838
ck_17733f75ebdea93e,0.019487465540464488
ck_58eb871e8d7bed52,0.034583313063475556
ck_e55b7fa67db1ec27,0.004037906062837685
ck_62f5cfe22c952694,0.014430804880967426
ck_7fbb709a0fe95759,0.01821955506716808
ck_87abe9cd066a20fb,0.04071176303178042
ck_d58e058b5c553dd5,0.036092723586491064
ck_d27b872648b71202,0.01607225489836936
ck_4b4a3c5b95c55b43,0.006284918982399914
ck_66dd4f4b4127256d,0.0042908677679380875
ck_93cc12703b500613,0.20111794627376825
ck_d28806a2179092eb,0.9963649171477705
ck_0595c2a0c7881e05,0.36313763250478626
ck_50087d8666191144,0.420823971128229
ck_b08b3f089138c901,0.029927506941829603
ck_fe3b67041dad2dd1,0.012101303135250895
ck_8449a28f7d475d93,0.08797795855434604
ck_8642e3b6d84f49d3,0.04089984676649205
ck_e49b5e4f2f2e79db,0.8736332081461792
ck_437afe412ea4259c,0.25785067650695426
ck_569b83668d74042d,0.21131068970134514
ck_233a487d31c3e631,0.9984554485643546
ck_1fca72e03143a645,0.9355891917035828
ck_79205e31223df2ad,0.04256768040812463
ck_9625a64406ea16e3,0.007701788242598943
ck_079bd18dacb704a8,0.30964344145928935
ck_4db6d4fd2b49aa81,0.037096326361287055
ck_0dbefdac0a1868fb,0.004472084814881557
ck_24ff97ad90bdd69a,0.14153167772529993
ck_77f8c5042065d506,0.008334592958704486
ck_f11be8ce05382cec,0.030714214296251804
ck_c9d72140b0389216,0.14465731209771637
ck_69eda24e931fb36a,0.002817648604098157
ck_ed471e496916ee15,0.013627288788856932
ck_ff090498c4b17ac3,0.020928826118603253
ck_c3c19d6a0720915c,0.0027048461701151354
ck_af02e1817cfa40b5,0.08615865900561355
ck_2df5a9fc87553eb1,0.01147677140692735
ck_4ac918e884cff336,0.14263364501609158
ck_ca149244b54ef3ad,0.0010985812766467617
ck_6babe5b8674ff51f,0.01374729199454198
ck_1573878386886290,0.018397816881106477
ck_3925f8565abb7fe4,0.009217962629692805
ck_c4de808ae69c771f,0.003255090959379392
ck_a777c813551281fe,0.011138751869103774
ck_df4424f6dd85080d,0.24231742248473268
ck_85e5494ec20383ae,0.08305066900357302
ck_f71a4094e889c3af,0.008522510774987129
ck_f2f3cf9cd23b2809,0.15263364508233504
ck_18e2076397bcc211,0.05814061594094174
ck_c9f9fddef39bc664,0.07387509393913691
ck_7e826e233d6ea028,0.006058407037489643
ck_62fd7eb46bee9210,0.040110510443561155
ck_206f8e3cd72768f3,0.05729638246009351
ck_aa295a11b0a6ab36,0.04092327032680358
ck_9a56739d81f84a53,0.0041130434589767536
ck_aa075c418ed9fe5a,0.01442332015302632
ck_62b9fb3db284941b,0.016608710968591588
ck_f4f83b1403ebea46,0.017853316146722788
ck_16b66bd803288bc3,0.5640293509627609
ck_c4ca1434f3778f1d,0.994129137910402
ck_1b823610371a29c0,0.06691329877763186
ck_c2bd5a722aa637d9,0.008709684060149468
ck_7890208951df34f0,0.04667570378165773
ck_020eb0e454524ecd,0.002756541507335249
ck_3b66196ccf436c35,0.005932235868030271
ck_109fc467ec0a4af5,0.2027771245315846
ck_f3dcd818db92de7b,0.054652538848201655
ck_31e7742f160980ef,0.031766026093418866
ck_77fce5f86f00b8f4,0.4198281384700623
ck_46bc797b4d07d607,0.017219616286150003
ck_37899b1b571b1c6b,0.017255750322165194
ck_ef8a6af43fedd464,0.01080622988722081
ck_bcc8519fe8521038,0.0801777291096053
ck_90696b7182dd9129,0.015415406463966374
ck_4a24ad61d017e1ba,0.04247125915435869
ck_0acc3d8c67218b9d,0.023438895224110055
ck_05c97fc9de11aba6,0.18876202275397172
ck_f8ac3a0500c0ec62,0.0277313063018492
ck_617b65141f546a1c,0.010391176550493179
ck_9d00823bf60388d7,0.03828778340539267
ck_123c15d93f1840f2,0.352865769312541
ck_573feefba6bf78bb,0.18817043840826242
ck_b25657bd16739036,0.018986464855807426
ck_bd26d2bef14a8597,0.01149445153919876
ck_a553418f2fba1440,0.019203390725484784
ck_89f3e380b0686963,0.011860986195374134
ck_b359192aa659bdce,0.003654772547963261
ck_02241f3dc301bebf,0.023677504782779215
ck_5ccc1a1c78cb33ee,0.16356098559641474
ck_349cc5edda1b8853,0.2676821463267728
ck_e9f228845bf6e28b,0.042019361786092654
ck_0a45d033d4e280ea,0.1786374483730627
ck_7e63168dda612235,0.005141110080476016
ck_676fa5f6aae5475b,0.03617252466583553
ck_74b502b20690ccfe,0.014734733303570774
ck_073509af21dd7f5f,0.528340916129048
ck_498a0acd450944d8,0.005991990968054449
ck_7f15b50b29dead01,0.025987471126981753
ck_8089fe7403c5f537,0.021753065693374884
ck_05b2b04e11d9ae9c,0.03483292632519752
ck_31e70f2f04b48b88,0.0074781386175266145
ck_994316fa5a02b319,0.0009343679740466154
ck_b76510998b9a2260,0.034697864069090055
ck_4db95c310e105d30,0.007441987853112533
ck_6f730b77dc6cdb84,0.03946268889584482
ck_2493ee8e7b91d304,0.05105711470754396
ck_92d679d6ac7dcdcb,0.3339055235736655
ck_3a0e0200cbb185cb,0.05739852349840664
ck_0b2eeb4e00ff7955,0.048657882341620835
ck_9843d0e61c37ebe8,0.9911459048182883
ck_e61c8721e3ef1921,0.010956093557673184
ck_2e0eedaaf2980c2c,0.02572361016326233
ck_9036b2e5e9298a34,0.0393988884763662
ck_3265442528d51728,0.025651297244277723
ck_f2ddae2eb1cb29b4,0.02960670314416464
ck_6cfa71d27fc27f92,0.03247873043955218
ck_f3199fbe84a28b9a,0.18347834060078205
ck_b78d785ca3ef773a,0.02532017854910569
ck_374865697f1480eb,0.027651349607283184
ck_06d0e4a9189302a9,0.07455887441260692
ck_9c9884b9bcaa552e,0.2495638617894418
ck_fd4cf578e87703ff,0.10446496179818143
ck_1917ef3e6e345549,0.18770155465980937
ck_e70418b00cbbbac9,0.09059668674110613
ck_a60388296a47062c,0.030120524173612426
ck_d598fe8d2c779ab9,0.03057854229795591
ck_646dc03de4c31803,0.9227466539928253
ck_e4fd8cbd842b6993,0.01268279941629708
ck_2225b555aa2a42ed,0.048979330114512436
ck_6be8ae9d78148882,0.02036742731198303
ck_4199342d3aca74e8,0.16117353514443533
ck_779581adb573261f,0.03326570131030118
ck_bb303568b6915205,0.1959256033580919
ck_17c4296276448afe,0.0079431586656905
ck_a60a61ac829252a0,0.014719601448559945
ck_6ea70950c1cae00b,0.955007366041841
ck_1abb93f6924645e1,0.07639616780701607
ck_faab769cce19879a,0.043131308012096116
ck_d5b8e74e7ca6355a,0.03512521021865574
ck_f11f7691af16ad07,0.003413841898659984
ck_188fdf2be7c92e9d,0.9969679771338885
ck_4a103f8254b366f7,0.036087954858337455
ck_bfa17a0b1760e616,0.006186174982295648
ck_a4d7f6a5869d440a,0.9792878217506104
ck_58e20f5a3e7f11b8,0.9253076276991379
ck_4becdd3d2696c7ba,0.03635026983466683
ck_dad5cf32ab9f243f,0.039650493429486865
ck_7d9f73dc7c4f90c3,0.338937856063505
ck_c19371047a2d011d,0.026647006413247278
ck_247589ff532f7aa8,0.008248165146376782
ck_7a9f241d5f082567,0.007243750208209994
ck_0a2b7078736b4dda,0.010648628059557309
ck_687b412e2aac7eb6,0.028353279471322747
ck_fce0b6855886a0b8,0.012397115981679837
ck_e291cc60920456d0,0.41827281551442097
ck_04219a7ea798db51,0.08569152771451295
ck_286bfd719836e9f3,0.20230565706183376
ck_55efc92394fee232,0.027319236681484727
ck_e36c8da1bd359960,0.07596083638087274
ck_34b0988a97d96902,0.015211724412728762
ck_e0fb11fc9dcb34e6,0.01109134995264924
ck_bcc9cbc9ed8b7c31,0.019297525011039592
ck_3df8da6f60a89a5b,0.06174006258853177
ck_b1495ee5c59a6b28,0.05759702134008264
ck_58f4c3ac61fda129,0.15169374591607415
ck_735f244b99e3aa8d,0.028828350379702227
ck_6b93bd8abf87b1d6,0.932966761792616
ck_12107dacc6d05bd1,0.005308244096035913
ck_f96db2a1f3448d1f,0.02584380716250308
ck_8fd91a3c99e19097,0.012226917658932503
ck_910205d25388a0ae,0.0013435802505796881
ck_d229dfa0e4442628,0.005795112672375428
ck_7cdec61e1c488798,0.1444405051633331
ck_f66f06e24ff32671,0.03592149400107455
ck_350bf14e90b503f5,0.0351751658531857
ck_61fff5fdaadd394b,0.019735242490270713
ck_e934f984bad2ff91,0.5201460533053308
ck_ff6a6d3547dd2d37,0.03195193733555346
ck_65ad9b15979e3247,0.011654359661232348
ck_bbe1a2ea5a403ad8,0.5271168706897182
ck_6f3a28eecd2c4031,0.04456353695364241
ck_a89b66665714058f,0.009059828232080767
ck_918c92182b6817cd,0.04973006479190032
ck_64f5eb4be9e7b8fa,0.3999844534074079
ck_d021fd497ea35fb2,0.03493281666752751
ck_004de16f7d8a42ae,0.014356526756443638
ck_a33d2325f86ab12d,0.008510931448181129
ck_89790ff26c844bc6,0.005388706350751821
ck_e6e7257377c37b28,0.22807367934643832
ck_a2cc3910a641a808,0.6184628085688901
ck_646e270e0195bf05,0.036508235075747075
ck_baba5d66def0d770,0.23313442017563665
ck_67cdcdda3033842d,0.41120649559446765
ck_b5c3075c811a2216,0.20221810581051264
ck_515379973a8044b8,0.012301315613733564
ck_c0ce85fb4109567d,0.05988092995283132
ck_fef850553862aaca,0.007543624447813062
ck_55d7217b0aff9fa2,0.011695936689329988
ck_8e139f8925ef7968,0.02462750457750912
ck_9e35b908fca1e4d7,0.003272350884014886
ck_59735f4ab2ad3da5,0.04794546686969116
ck_dc569c1167ccec0d,0.9143021319389165
ck_1dade5592f90a15c,0.054304971410258654
ck_793048d11fb8b328,0.30492464288283233
ck_545b71eb4fa594b5,0.0061877512039819095
ck_bd30853e9a57b544,0.053287041955547905
ck_59f46321ecf6d306,0.03006896099027819
ck_260cfe9141d249f1,0.27239496707529426
ck_3365a0ad1a8aa83c,0.015345321698992527
ck_b0ef193195a2138b,0.005683845336743608
ck_0f909705e2e60f2f,0.016365917614368366
ck_5a540b75c866166a,0.12558568391659436
ck_87c26b2f41025109,0.9836880652662423
ck_27acc9f320cda104,0.46262164447802095
ck_a27bc31eecd9cb9a,0.04933876961751326
ck_115d86fabde77b65,0.004248471110503486
ck_eeca179341d56f8a,0.7702093129494636
ck_8e5999c436cf037e,0.010385626453969217
ck_510e7c5df1f95d90,0.9978247037926379
ck_f1acf73363925958,0.037734562635021576
ck_3c177f5970b68bd3,0.04477450320203806
ck_9cdfaa1c30cc9d32,0.00397768294526809
ck_c8efa1538b37c359,0.021076498461718485
ck_a8a2e296f9804bd7,0.018823509089985552
ck_91a0ca45f429568d,0.031163360535954376
ck_5fdf8a0bdbd3ed62,0.04836207097282372
ck_0f4e2ec66d50da5f,0.006405309166142195
ck_28c53b214b2ee882,0.348459881792359
ck_003148504557f720,0.15760790104104455
ck_01d840cffb870615,0.5833946081538792
ck_555848d51f4b5f35,0.03239911484992185
ck_df20cc23b8fb8e22,0.11353418917295581
ck_f9604adde929beff,0.016137707322699434
ck_d66952b03591bdec,0.01446638463979375
ck_ddcac1ab765ff61a,0.08544615140356783
ck_347386629d96c664,0.07240206453983813
ck_ab01db9117acfe3d,0.03822039575830265
ck_58e5359efc52e0ad,0.0245280404264364
ck_1a524b5cc8da71b3,0.09024024036009207
ck_e9287b6d909d731f,0.006462787024767847
ck_bb41a66e3d90263b,0.2526064079207212
ck_e95c8cc1864bd584,0.025869206383828048
ck_7a3f2961e9a8b6dc,0.01730578658533472
ck_378a9df82b1e0bee,0.40106959304318685
ck_42633573639a3f02,0.9817257953155771
ck_2a5a4c18c2c7274b,0.04084167758876108
ck_77549c1a41f837c3,0.034275153441519345
ck_a26704b5b26258b7,0.03255196699001277
ck_9874ad160efddf50,0.01543477135138207
ck_9111e3a04b14dfba,0.11411608451231028
ck_651e076ee43aea85,0.03339399409986219
ck_391639c0f13932f3,0.008451438285774064
ck_02dbabda93c8c13d,0.06615541116641979
ck_0adcb1fffcb0a34b,0.07440197444283868
ck_7a43ef9c7b1c67b5,0.002386119757581739
ck_4b9dd69946438d0b,0.03332058906135627
ck_90bf017cdd37b66e,0.10099749444572363
ck_61c74163eb36556e,0.012970384950866385
ck_13376c59b5bd6943,0.0020184435089754707
ck_62337eccb1672737,0.008874450820345704
ck_16077934338472bf,0.006240349677487654
ck_0d4dfd93086e7330,0.059057846024765694
ck_3865b7525b910893,0.037830291067461407
ck_7e2ae8b69ebd5675,0.01048351318125165
ck_b4384b6c11766ce7,0.018251717743389784
ck_3d7fa32dfb9fc692,0.10984794665622714
ck_f4a6a7cadd6e0603,0.22681573356561377
ck_212525e2828a6c45,0.043865825515134196
ck_33ad8d53394ba77a,0.6362183144381883
ck_a5051eafe8b51224,0.026421501758461974
ck_f65e5ff7da565f91,0.007783523654835044
ck_5c37f7563fa7591d,0.0281289649675415
ck_f1e0a006068aff29,0.012352605445436406
ck_c646cdead6fb79d0,0.015728130022993506
ck_f8b3cdffef535330,0.36480816874951627
ck_e5cdbe3aa12c97f6,0.020159107015476557
ck_986e4e61440506d0,0.1340268965369837
ck_6da9c5912e15d9a8,0.007200171604502407
ck_51d842e6dae74c71,0.014024903059990922
ck_5fc65c24e0736d5d,0.9535433194084991
ck_babb95a76c69509d,0.03939154656188107
ck_86a2d852a9715432,0.057435864823851386
ck_db4083a0d043def8,0.18778121541125173
ck_96953b8945b7d403,0.02888749856808471
ck_7831ca5c31fb3859,0.2578300618967097
ck_60ac5e5f375daa38,0.01449316366244433
ck_05d44eb1f5f085ce,0.04832571949427321
ck_432cc19c7eeaa46e,0.05087290537385123
ck_7fc513033af061af,0.198696415489136
ck_ada6ede84c111719,0.07727651257710741
ck_6343e0d3b1c2962b,0.06274841816800002
ck_010264ae04f2e902,0.3084405384772333
ck_e9dcf535f8c289eb,0.1087017159044918
ck_37143d9cc296e6fa,0.03805078735208133
ck_61fa051192f3e810,0.047445509946005576
ck_f9f93d1d41be1468,0.8251191126509776
ck_c4f4f28457be8a74,0.004577745910442248
ck_323a71f9452d21cb,0.6788448015452073
ck_170f4688e0acd875,0.20210958876474852
ck_869b1878d09d230d,0.4835167139553848
ck_2f6b33bf46976229,0.013683525674079652
ck_b11e22e75d9b99de,0.007587010467683393
ck_123d75ffb75b606d,0.038848928661574085
ck_94295287a04c85d2,0.25291296813535125
ck_1b0434f096795328,0.003284040383843465
ck_0a4e191cd0a57ce1,0.023809755160804774
ck_d2fbd0df99634676,0.016774540487350095
ck_d51df5e9fbbbcc94,0.24446476726156577
ck_2d3d7d64a6f443f8,0.01574927731467435
ck_731943c682c9394e,0.07202143460342414
ck_5ccc0c94e5e1f849,0.029924205261633734
ck_c3476080516db25d,0.025496238581661605
ck_5010ffb1c94187b5,0.008061726287201533
ck_7ef666d67bc70223,0.05136332241028149
ck_c1b493527224a27a,0.0037547684188987437
ck_5d1e25d7acc5af9a,0.009426847169916165
ck_ec30b61cbf517db8,0.008662490758316582
ck_79323eb5d2e5efae,0.008384917384636082
ck_4085cd3bf2661518,0.022281840331109647
ck_2ca91214c357c072,0.2905183642112077
ck_7f3132d6be389657,0.10333071581285445
ck_e7a6b925c8f39a85,0.07098892447395934
ck_c886adec7bac250a,0.024698370541538946
ck_c3f360c2d0ea0a37,0.034912144829593386
ck_a7acd5b015823793,0.04744479993818655
ck_9d64187c0800f84e,0.038317380010162716
ck_5d4ed73b9efd7d11,0.052976791293516255
ck_874eca6776b34dec,0.006713143921852552
ck_96a9221a87be93c3,0.06189493001967035
ck_68dd79a51eabf5e6,0.22092746105353633
ck_8311cb6755b2016c,0.007507450952405444
ck_16fc77b2bcf5ec03,0.9505732142338053
ck_ad9e2088a33c8c72,0.002483508912630195
ck_7176bbc97b1e42a1,0.019885894999206368
ck_80dfa54b30f65fff,0.8912507106850589
ck_31c54d540b128843,0.020634511389261676
ck_43ea894480567274,0.23510786115214824
ck_9c9e8a38bd5a6c88,0.054347855990199756
ck_1c2dcae19539e148,0.11391924058397038
ck_b0fa8b84e94d8ae0,0.017437677083371857
ck_4ceb43ccd0a81c2f,0.014459638343834498
ck_ba845332b730b596,0.003936219366684016
ck_73d3e8c6077f61e6,0.281711997367747
ck_b5d0d223ef56473f,0.0478520259769057
ck_949f08f8e80e93ea,0.005547454269850546
ck_73de0b49709e5f8c,0.01692265965715292
ck_b5935e9722a39819,0.028640824816132306
ck_96247fee0eb44420,0.009645321854827369
ck_a6def1e4b2d57e0d,0.07440895871340002
ck_aecdc5a96321a2d8,0.029819544527301598
ck_bc61c59970f8de49,0.06887714745974695
ck_c43b4175fc9ac5bd,0.7414035622078595
ck_8ff7a9b23a55fd62,0.00751885685464133
ck_20c99b645f462449,0.007032621519923857
ck_a5ce2ae36fb410d9,0.0018096954787153413
ck_96fb9bf556842bbc,0.012144884911952305
ck_b5e4c6dbbed1b773,0.08357905874157946
ck_2085433978e72ea9,0.202177809880987
ck_2c6b174b063ec637,0.009513650913638944
ck_b20b81b88dabe28d,0.024943174999560305
ck_243c18dbf150831c,0.004232215969762947
ck_2bb6a17e8eee35cc,0.07826490088888137
ck_66147fb994495396,0.2570317159546541
ck_73f124f075ede0fc,0.018749311189629084
ck_2e315f1b1e533dab,0.010787631485702618
ck_16c7bf94ed3e7a6f,0.0007000067836315228
ck_4a0eae220a762ac5,0.05339173884573855
ck_dc16f939c2f44ad8,0.16938496969089667
ck_817926b449754917,0.025504130856572122
ck_0c0dde42ab64ef87,0.03431564247016081
ck_cb3a40594da6a2ee,0.07042728182369339
ck_d0dc156441fcfdcb,0.11299618323854413
ck_66f0945add423e9e,0.04541633030981148
ck_a74f6a3030f5d495,0.05221106786551416
ck_1ae460f331e49ae2,0.08177294665227816
ck_2d177b2f4f0b40c9,0.3533611551986865
ck_92e474e4368c4791,0.027616510280596224
ck_3dee83fa2d109484,0.008146437099593713
ck_80e5ea27848069fe,0.04064057687250956
ck_ed0c4a83701ca230,0.06401801785801263
ck_0b8b7c5c581fd161,0.0017314875823282692
ck_60bf8a2870956fb1,0.010573755899312025
ck_73a54b56a2bf35fe,0.9212696911312496
ck_2296d7a563424883,0.07227946015424273
ck_bc19c383560c7477,0.04087101049577276
ck_861d8e3d88f1079e,0.0425616348767446
ck_3f090fc96c24eb28,0.012088737145188202
ck_9a6a1f8102febfca,0.07740116980738279
ck_541b6ad5d2fa5a39,0.007091159134801127
ck_a760d38d1bc4de97,0.01008234114479702
ck_7dca4d7ee10b4eeb,0.006325205549288583
ck_15220e78d1545e40,0.019915264721216328
ck_ca24bb0de508efb0,0.01391274765828543
ck_56b389627d8f02c5,0.9980756646321797
ck_48a6754977a44db0,0.01655394871098712
ck_333a43ec339a04cb,0.2390533452603368
ck_f22aacaf86a65d7e,0.08019617584892694
ck_04bd8a1ffaf3ffd8,0.008960951009120316
ck_2737a72de6b700f3,0.0453833593114618
ck_c35e03b0dd0c3454,0.012724723968682117
ck_e0571312f395cd94,0.02543831058780623
ck_09fab6b9825001b2,0.012092564983614664
ck_18c3a095606209e8,0.04025145172608959
ck_2a97db9377d01e36,0.01663464474032151
ck_f29dbbfdd2786bd1,0.013977344875806418
ck_35d6c510ad29362e,0.5879126594696813
ck_5468fa99c945d785,0.026656482142846976
ck_6f8102f62c876cc9,0.10812402661687713
ck_91955aab3424ad16,0.03358936936960309
ck_9a43c0c73a39d759,0.2125614723223376
ck_60b023af6d1e30bf,0.8123501943049626
ck_9704c5cf8659cedc,0.04319035851598597
ck_7e5f02b51b9f78bf,0.3154011703965534
ck_7d3a88d1aa649708,0.9568223360635079
ck_8250eddc1ecb07a0,0.09215596368514388
ck_d979ef95ee44023d,0.033465048688330126
ck_5e5461dac83531ac,0.1789231621931793
ck_d1bb8890081e0a31,0.015366580217942023
ck_32246c62640648d9,0.0030226490748174253
ck_77a40c7d2f862a32,0.04712692177044458
ck_1c8b94efe9238f5b,0.007074477771043305
ck_eaf3b6d11bc3cb11,0.009805104430105873
ck_a4a7ef3ad799c380,0.03127977694700342
ck_d5bd8f68da073cd8,0.02812167052682242
ck_6e6258227fc8db7f,0.00417438604478984
ck_c35d444e05799db6,0.01438914027748739
ck_74665e1209140ae8,0.08227935949462918
ck_353a272478f7e903,0.014323696578734644
ck_a2c9796ea229a4e2,0.010861555601656582
ck_e0171f91cb3411fe,0.033543479508198616
ck_703499f5410280f7,0.004755959928571739
ck_ae3a763997f8f385,0.06464708521152493
ck_f7ff94c3df5ac874,0.04268676656946005
ck_f3c16d8f747db046,0.11394090313289337
ck_7ef019ed77276496,0.006734224184594344
ck_d6a4faadab58a3de,0.014439865223133733
ck_ba7b78d31d74c794,0.03634785799962635
ck_36287d063350ce9d,0.00392039994245329
ck_5177fc7137ff26ce,0.008233126651613094
ck_dfd4e79aaa967b63,0.015878906583434126
ck_fb44d15fb93a7157,0.041095156819281164
ck_fca478361870a4ca,0.08213451270484248
ck_e57b94fe57341058,0.03816534292449533
ck_5448c946cc4758fe,0.020242726735780165
ck_c5ece5ffb8800ad4,0.013440325290806467
ck_11cb98211b2ed134,0.9369758924503839
ck_f655399ac75c4450,0.028292380204549352
ck_c817259019588d30,0.0857235716714753
ck_8740a14d8096c6e1,0.04456467393498742
ck_0c5ba86f4e05b38d,0.030733889389708162
ck_ccc917533d4b73d4,0.029896637147610355
ck_9eb80edfa43203de,0.019288330728529077
ck_d1a1cf4cf61d6801,0.037893228833684865
ck_b17c239f160e6017,0.014270708245240299
ck_410c3e13b48e0415,0.0050444806310499845
ck_ab553954435e8854,0.9657850724248501
ck_bdbb4230c91e1604,0.02647085326610016
ck_8fd4937eadd64fb6,0.043977021856395675
ck_e0e90b196bef3c11,0.004003337268458145
ck_3dc4d464386f0eb2,0.39655470223768025
ck_51bbbf8f8e8ad005,0.9970538955164234
ck_c05737ab74cf03c6,0.13776690208748718
ck_dceabbe04d99afc2,0.0070345958705401185
ck_5b86fd14e85bc9c7,0.7333836471716523
ck_d4febf0083800424,0.01561009652912349
ck_77d9f86dcf251739,0.10560447789911154
ck_b4dcebc543deaafb,0.012641159106397903
ck_cb856e75c949b0cc,0.002125993642553526
ck_61b067de8ffc1ca1,0.05259023912950873
ck_c0e8560ccfd9dd9d,0.010458371177789024
ck_173e1198c341087b,0.010709469533007726
ck_b4d55bc809000276,0.034630800433552995
ck_839bf139296b5cea,0.02090830078129478
ck_78cd402a2a4f2e35,0.004596510382178004
ck_c2925c50ebacbdba,0.006057294477000575
ck_5e3bc76eddbdb0a6,0.0058381912905741545
ck_b7793edca26fc512,0.062716044115214
ck_d79bdf04d6f31cd5,0.12917929587560725
ck_4b97d19ed946f503,0.05557723807010925
ck_37139b41c5370523,0.2582299304179831
ck_8c346eeefa9ce692,0.05024478776299026
ck_2ab7eddee2d8c49e,0.013023181406128462
ck_29da59ea3bffb9d8,0.3845994569282555
ck_c1d05ef0ec6e4be7,0.016282303129145664
ck_3882423b449f6291,0.9340344312394921
ck_5647030283171ed5,0.9136363674441473
ck_efbdcd9c181e72ca,0.025403529002914406
ck_192fdad892782daf,0.31555548440673026
ck_0bf2e13b9f2601ac,0.07216218937984563
ck_3d6046a533057795,0.00986737153012581
ck_279a1d3a3836e5cc,0.03316822717439647
ck_c375e929becde422,0.018800252245536258
ck_a59e90219939a1f0,0.012279708497755878
ck_4e9fba1ec54c3ff8,0.03206605708328048
ck_bcbd8588a13f5eef,0.005368854380639941
ck_5f9a7ff990341bdd,0.007671160205101066
ck_e0403d507519b7d2,0.007901018758802572
ck_c9490cb61aff5112,0.07673633706169772
ck_41dd44308e6a665a,0.4987027452495911
ck_76c23726cd7ca947,0.011235414334729008
ck_9be551300209fa83,0.005594665439008928
ck_a98848eec6c9581e,0.09320418751892663
ck_61176dafb33b2d8a,0.9572635942318134
ck_92de019e05971ce3,0.048511418831170314
ck_5d644224135d7c65,0.0193382394942639
ck_c767fc454fa215d0,0.01849242202583949
ck_5df85a8924e11f27,0.06907276865641462
ck_da2729307af06ed5,0.049580443592169156
ck_7c6b577174af7a78,0.01830236773632088
ck_893b8afbe11301e1,0.013647453489749682
ck_e06f6fed020ae014,0.023549195764700492
ck_386680372fb54857,0.010081893534561067
ck_7a7f3c4fe0c9d2ca,0.052896159062650536
ck_f908b527c4db422d,0.10533427472116857
ck_ec2eee6a133e9a6f,0.09701545827817344
ck_d98934f9fe0b02b3,0.0024644143336877214
ck_398a1ed77b0130e5,0.021953253366815004
ck_d960af7a55b892b1,0.019971387117229462
ck_4637e54a9f79e2e7,0.013868691092204788
ck_02b9f418524f6650,0.038848598873706175
ck_d4b23804cebb045d,0.016756231091926598
ck_35b1939c48182a9a,0.01804534472512943
ck_2dcbb71e39d64305,0.06721846373135744
ck_47a884dec960ff2d,0.028708684866924714
ck_71fd8c346fde5cca,0.12935988542790264
ck_98e1992ac8e7d2de,0.060206152374331814
ck_ae7780327e210522,0.04959287645709407
ck_e6c584b4b1ad6d9d,0.028184885456028822
ck_344b2e326a6c3dcc,0.01729938938385377
ck_9aa899a5230b0963,0.08373007476140638
ck_e48d14d5b70ef5aa,0.020030318287029187
ck_59d380a0973b3951,0.04346026535859724
ck_11318f7c041a5ba9,0.006131583544500446
ck_7061786fe2f22f5a,0.10466115630854449
ck_e77529651c416cf7,0.022773343648191943
ck_7f79878197340435,0.016812154639955588
ck_b0a0fb0ee9ebf106,0.008042128184672905
ck_70c7679199776a90,0.06898756623806715
ck_b9facd2210daca5c,0.19282424769494533
ck_9949f53c155b8dde,0.017941172842071414
ck_1c607e24f2c4397a,0.07038917937363177
ck_aefd1ce3ce093cbd,0.006211862245666065
ck_5a29b7018e43280c,0.010028025099564344
ck_69eb0b2ccfbe5f95,0.04485030554678243
ck_fe037765aa465c58,0.02024744217144492
ck_5e512ef5362a3dd6,0.03228027401413358
ck_544a9e80b7fdc279,0.01092430159613734
ck_7825494e654d5695,0.023361657257858374
ck_f1f2c3c623553f0d,0.0030173203504117413
ck_52730906e5b461eb,0.9192287697859637
ck_01e0689157fe9617,0.1365500798528795
ck_9da82e567074da9d,0.01368400164754128
ck_6a17384072f904c0,0.019272232392902478
ck_8d84d771a21942a7,0.001413458627916621
ck_39638880292782a7,0.03952745307289656
ck_7d51c86e0eec72ac,0.06421519850442799
ck_45f4c821c70d134f,0.6025771709765396
ck_0af3c13ba56ce57c,0.010253486079023313
ck_0789a05e061b2784,0.7832409470078308
ck_6ba091eb42ffa9fb,0.472220460533213
ck_265accb3c5c32620,0.44199470142551445
ck_179039559ff7566c,0.06299547924877401
ck_17c0a6a92b5765cf,0.014353517450412868
ck_59371c9140239fd7,0.02543927582664025
ck_f9c4f8b4ce2691f0,0.026004856547452705
ck_a2637e4872cf4811,0.4390088464897956
ck_1de43fd6c6c22a5f,0.28942434472792433
ck_6e4f31bd108571f0,0.012486445580003344
ck_da06d97db0b18851,0.004704461185041582
ck_e0346d5081e640e8,0.14742212885609637
ck_c1c7d4e62c9fcded,0.3684894139546616
ck_2595669e421299f6,0.09820733038166968
ck_3b6057d51fd4c7d6,0.024888234017717576
ck_c5f8ab515840a0fe,0.02348098488029188
ck_435cb24538c6f77c,0.048742679160340786
ck_d84b5403da4cea7b,0.04747529811104177
ck_c2b61a98d1c8f6dd,0.9212553951568904
ck_c9dcd92b2f836b61,0.38097261280399963
ck_9eb5b3f5f672c2b1,0.005102175194481873
ck_e4cf189a8d31649a,0.009269567371556035
ck_6b114f2a48152b96,0.008260088014692139
ck_3fb95862b70f505c,0.13537854736423433
ck_7f780f465c29398e,0.031203304907945924
ck_ee387f9da79e67ea,0.04606531371423891
ck_fa3b1e85d27af2ee,0.12651115325872964
ck_e739eaaa7a1822f2,0.08511887355417107
ck_dfa0ac11fcb1dabd,0.004284720134316094
ck_6e8751b571ea54d1,0.06358751369973266
ck_2d695f8358383092,0.039054219643346426
ck_e7dce27edb700f27,0.12021823799388494
ck_e322da8b213eab52,0.004182272456180034
ck_d0b32e039abb8200,0.0029190629594704654
ck_b354003302b272ca,0.024537315662200236
ck_f7485cba392bc294,0.5678151022231649
ck_d6a290ff8362c7b9,0.20046432197828043
ck_c56a44fe315c0389,0.026099201827671906
ck_f77dfe6512eae322,0.02201162215835095
ck_35fe969c58b9e70b,0.16376907030572327
ck_4c518637db2322d5,0.10291381746692746
ck_cb61902798ecc4fd,0.09535505551452052
ck_56e6cfa32156a916,0.009475453408778018
ck_343e6ed2b9d35c01,0.0049386274315131925
ck_51440f64f7250ad7,0.0257860743700205
ck_295bca29c34cfe2e,0.024907813196521387
ck_dd30558576b45e7b,0.012151465146867728
ck_3a30132a57181fe3,0.0670824918643686
ck_4a733aeb833406f4,0.018250411975446818
ck_1b0b7c3d35ab1259,0.10039526779591339
ck_962c3bbf27cd4b80,0.17733817313600292
ck_9528e1d6b1707870,0.031287938772519605
ck_b3263e7f31aab45f,0.10317586658149623
ck_e69195a3c885053d,0.004932583057482758
ck_a907fa8795cd4baf,0.004371966059365456
ck_205c3405045bd835,0.0291764957930016
ck_e81fc223bed3c46a,0.18195694292195524
ck_363751deae40edfb,0.13766653626372113
ck_6176baea8cbebbb6,0.021404212245946866
ck_633e6579f5c74a5c,0.8824025039304872
ck_ddc11fc481eef58d,0.03588125605145922
ck_e975002c979e12c7,0.1421828209603103
ck_8e039b23acaaac00,0.11959550650120845
ck_1d6990d94a4d2ad6,0.03004939431831256
ck_e7b583acaa3171a2,0.07203017511361715
ck_c0133f60d39b2fb5,0.024279651396685874
ck_7d6bff85e7a694bc,0.005311791241028886
ck_d305b4d82f63f647,0.009429883509559044
ck_22bd0fc71f95e048,0.13194347329927636
ck_9a65fcfc7916f93f,0.0025217402674039425
ck_d61c837b0106085a,0.11585999542302511
ck_be86a1db08dea456,0.051935319916330325
ck_90489c405e6886d8,0.02696657534975321
ck_0add2c321d579d75,0.10329122951060846
ck_482dea6eed92cbbc,0.014411839841606733
ck_c24b47184534cc2c,0.998035517113012
ck_fa04ac31e596e7d6,0.062315892703048076
ck_084322dc5a3a86f0,0.017187799096750053
ck_ccb72a33cc1877b7,0.035283172219240835
ck_afaf374009d3b248,0.061696795820431284
ck_b53084ffede19a8e,0.025359478247774472
ck_4760216154c8cac2,0.772840683591296
ck_37ad3a65db673e70,0.019025477687996412
ck_0c2932cc0d553694,0.04292693331539052
ck_86b853c52f20fef5,0.010782308868899198
ck_38703b7546d35a80,0.03655155389366505
ck_218b7e6e6dbd2da0,0.006145401889437554
ck_402db4184982fdf5,0.03668220565879652
ck_f917c82af80e4a79,0.17895084826705407
ck_3c6417a233c68c73,0.10794069022270063
ck_98068c397d70dd3a,0.1265492551368748
ck_b1cbd6679c0f8d95,0.019634899383311526
ck_9e962f9bb0e7bac2,0.06587007718436105
ck_b08247c3ad567d92,0.24291635198579603
ck_3ef7a03ebb81cfe3,0.004909018623219807
ck_5d7ae0e3562e99bf,0.1643978382988706
ck_c91a628236baf91b,0.26439062408331143
ck_7f8e816ca51755e3,0.8676591670633591
ck_5aadd286d188f5c3,0.010867045978975528
ck_a037aff5f8128c73,0.012233661763641532
ck_5df6529ce8290906,0.017394459915633015
ck_5f3609511443e5a8,0.008460196989923877
ck_a6f61864fac3c8fb,0.007285434595190377
ck_2733fc6ba23ae46e,0.0255065720183223
ck_22bfb9246646eb41,0.7528062933567478
ck_bfc2a57d8fd1610c,0.5457026995754973
ck_49839e761d0e74e9,0.031823011451934016
ck_aa4ba931dd37481d,0.019054071003242277
ck_2f9fa0d61829f815,0.01116612603321434
ck_5b82c774df10d49b,0.0028164107454531876
ck_411219470d0a195c,0.05103087390388427
ck_d07485ba10514a2d,0.5190165409525799
ck_219bef979ee21bdf,0.022188356513805692
ck_eb1006e7285184a6,0.022261262859276043
ck_fd242b18575e3063,0.09348438855987908
ck_95188150ff059c70,0.019229667943393817
ck_a9ca2f447b984a6a,0.037417796736011186
ck_2dd39723c4088b64,0.14351254121527024
ck_aa2b4c662ff213b6,0.12072086924160932
ck_1867b1199c864db5,0.08848724248275809
ck_850ec97a5a0dab9a,0.03067789704108445
ck_562320295fa35875,0.01250687917057865
ck_bab5759b07fe2bea,0.006200567509563835
ck_b9f1465d803e57b2,0.15360328780856192
ck_8f21f2690c32c691,0.13120162904763444
ck_df87d6f61a63eb21,0.036464984467793476
ck_770475876d0e7e6a,0.08523992800632571
ck_b4c014d5c0cc9eb2,0.059516354393662284
ck_3add4d23124c9290,0.0035950233046554876
ck_bce5b7fecfb6264d,0.29373551501428613
ck_604c17cb97dc89be,0.11276962881615382
ck_e52cbcd9aafd26b2,0.017135853839971772
ck_0ac9114076f5bf3d,0.01612421732450883
ck_dcc125b178b79566,0.0036711689839574943
ck_4e333c09f0c37dee,0.0714648587627514
ck_ff7e31ff8ba731e5,0.006819214068938118
ck_8d0532d24f1070d1,0.0023483019001665577
ck_3689fa41748a6f6b,0.3350243875427444
ck_7509eb97c1948b16,0.01026850988825225
ck_a9161cf1ca22a6bf,0.01011317620844817
ck_bed3e3db135b782e,0.11007374924662654
ck_9040edd974ef8e3f,0.6153870551080642
ck_fac32d76ed40f683,0.014214976762640472
ck_3d7b1078e2d57c69,0.023919381648845953
ck_dae09c4e074af5dd,0.11612525486578658
ck_fd84507228467b40,0.23691677309804543
ck_e2a2ce9b8cf44c63,0.06062239069917271
ck_cbe716f351d660d4,0.011385380166788394
ck_cba4162ef29a6d27,0.049593708799044775
ck_4f1e962ff8a29732,0.013277833299704014
ck_39a81899dded61e4,0.009475639390648898
ck_25382331551d22a5,0.1329641478321674
ck_6d64e1c07b19856e,0.006168055317867559
ck_165a868bdef28ad3,0.08639450762788801
ck_88774ae52e30e877,0.06458373286037343
ck_fc7a9d0643570053,0.00861548301241125
ck_c2017120b3b88a46,0.005678375465850111
ck_d115ac6b9fd62a7e,0.00717161193086113
ck_439cf7d51ec7de0f,0.011597661996422912
ck_2468a7e9e68a0927,0.02943926386807247
ck_7c418947124dee8f,0.17079586096207655
ck_fb0cf32c4a56f740,0.05260621171080446
ck_694eb6c43193afd4,0.024747996206214106
ck_993beb188dd4abb6,0.010501528660544922
ck_77fa39d3b733c226,0.1725958104896656
ck_49969a9abc47cb69,0.12072537819723632
ck_d3f44bbe2f7e9b2d,0.005090067637138501
ck_fcf5b8216d0c18ef,0.08534227948021142
ck_daefe1e2d2bc362d,0.00778905767543615
ck_9c9287cb28950eb6,0.03028252802485789
ck_c1d1a625b885a975,0.06563744138358503
ck_71b37fe47490b4ba,0.00429939429043382
ck_5d16e257c0635f7e,0.45106204655547305
ck_15918075563eb074,0.003226398275927984
ck_9a15fdefc47e8d11,0.029987754770572958
ck_6f04d047d1dde75e,0.004211294495193798
ck_1af2c0b3b8d202c1,0.009020383357169948
ck_174be2231c5fd2b6,0.005405017705187988
ck_bb0713a2a1d65982,0.03509045566488682
ck_0daec63bd5b0729d,0.03542206531493404
ck_c0b5cc3e8ad2ff44,0.06507384822920745
ck_35bee1fc12664644,0.29742045645810994
ck_a1c7cf63467df4c2,0.0028876735340463856
ck_ecb1e15f0b185ceb,0.0554821369559887
ck_f280d31f54a4710a,0.050498990115686884
ck_30f4b2ee8abe1342,0.06137834622351149
ck_66bed631354de5b7,0.016526619827180775
ck_c2d3ecd7278eba2c,0.010473515269663555
ck_e901dec0e09eccbb,0.006050443832859255
ck_5d038ecb3c8748a3,0.010883095317751234
ck_283c5bea94b21e80,0.008577070141572192
ck_7956c251b85f009e,0.6879096222302588
ck_9f5f81d771146aa1,0.003548569779511693
ck_9323e6fc1e168eda,0.885288772225148
ck_10495d3a635b8d69,0.10036625170674868
ck_1982d571cd36eb0c,0.01804421341760788
ck_4f5d7985bcc2eda4,0.02860827716670482
ck_7df526b2b4410bb4,0.03604563293661456
ck_dbb498b1a346a402,0.011326481224517385
ck_ef059997563e3330,0.009386740095672615
ck_02ec4e06709e6b82,0.005246240782819029
ck_9782c86ba6485f88,0.024352493474554385
ck_d69de468b44143ca,0.03206759190940943
ck_6430a8792f400e0a,0.01783046391552297
ck_8285bd3c90af94f6,0.009424000395568887
ck_985c9ca112000e9a,0.028711338672145554
ck_e679fbf4f4f4aa07,0.017632246061080548
ck_016e8c8eaf9d511b,0.16339447953117922
ck_bc996c523944644b,0.03253526977960632
ck_5b8315726f6204e0,0.06357267219790104
ck_78181f8e998e442f,0.005532340349617403
ck_71c68dfd011dbbbe,0.9412861571709781
ck_db32c95ce2b6f502,0.9613146699176227
ck_755010362a9b1bc4,0.013992022020840149
ck_114141d85256c9ff,0.00328292720273435
ck_9d1a5cf5a3b87e48,0.023839252938969196
ck_ab640420858ab5c4,0.3750753615011784
ck_97a8dac48dd62488,0.5115126987807962
ck_879cc3166fe1bada,0.004849793051081455
ck_b0ed11080076e381,0.006997089837586806
ck_7334a9ec656263b2,0.013080550053190044
ck_6494f0ef13ce44d9,0.02665406733199516
ck_724e459b9ece38f4,0.1297193210509904
ck_7fd8b1470401695f,0.7916734819254091
ck_292f81186358b0fa,0.021141243827470044
ck_fa7de64d37287615,0.07315285432699843
ck_d00e09e66ed6458b,0.4804687660895171
ck_b8d210e741be186e,0.012557534621901222
ck_3db59982cbae4410,0.04427715487501745
ck_69887d0a9aaca6df,0.004196326174655049
ck_4feb21e2fb0b3977,0.0038817501263070093
ck_08c6cc1e143475e3,0.015150994790498503
ck_fe6e168cdbb46b9a,0.11818231511625986
ck_07f1734be7fac56a,0.04493934501889436
ck_d66d59981307db93,0.15310325500945324
ck_f928dba0d587d7c1,0.005354802274001683
ck_786448fe3004cbd0,0.00607854705286309
ck_29ea329fa40ace62,0.05645582647453785
ck_7ea52b6f27edcb73,0.09983419813015483
ck_18bc51bbf3ef198e,0.06912804942840664
ck_44950df09ff14ded,0.005640963065749366
ck_c1466b52c0a10b93,0.09672385091622508
ck_6cdac067cc4db5c5,0.06005349763104713
ck_53f55c6e8cf2d432,0.009815395479062926
ck_95945f48453ca532,0.06297779106347186
ck_87cce4126e215153,0.017082858443959275
ck_1ecd5516c92caa4f,0.0014141690446376912
ck_819b482bca14c068,0.420901144860848
ck_a61a879dd46fc9f2,0.007022757007761265
ck_af70aa32c009c3c9,0.05162958541276864
ck_f4fe78e249092ab1,0.013782591239702125
ck_12c46bc52bf45b36,0.018624349942914627
ck_f05f5e4b40afa52f,0.036575911625879524
ck_0f8cb09d3f4fc980,0.3629675454484937
ck_80a64a7f0275a71d,0.006734156906789772
ck_683af7b1540a0b22,0.12235570989860499
ck_51fe0b613c076cbe,0.015236564762952098
ck_da1a2450219dcf19,0.111101868064556
ck_2a7eba01ceba6c2c,0.05034583954921491
ck_4e329e29dfa743ea,0.5346436916425901
ck_0274d881d6db82c8,0.007790359063046093
ck_0af5b7d128035b35,0.027794558537312747
ck_ae0a7be6b0a0ea68,0.10834023883056446
ck_de5bb7a4d091386d,0.6664664948762816
ck_2bb7c17168a9d17d,0.06928253654186661
ck_0ffdff7b2f5fdfe4,0.007373081877377201
ck_718a8390b3d42d7d,0.023832055343744524
ck_7c4f12d70f184533,0.004688828841061765
ck_d3e2c26b8adff099,0.010867407069842594
ck_ac9d3d9754104cf0,0.005295131254311338
ck_3b1766a1d51f8f0e,0.5795079777871041
ck_a9bf75bea912027b,0.03632833029416725
ck_687eab3ffe1f8cfa,0.11581713204367325
ck_25dd0b02af5b2f37,0.2085977737982958
ck_1747fcc466f0ae38,0.00786037498611015
ck_f6e9d14dfb6f3c28,0.032959897881314246
ck_c6a7bbd0adc4d5f3,0.09931011729869864
ck_46656a23f4456d22,0.7972656351749026
ck_7519260415c2998e,0.034417744390942716
ck_754f30ea19df857c,0.061394452225293016
ck_ba88a244d5f7380f,0.05827136189657558
ck_f268416945316815,0.012098792953650322
ck_21860dd2159dff28,0.014271443612621114
ck_7a86ef4e2beaec38,0.0024504238122888527
ck_0414507baeea936a,0.03237917896791335
ck_60796eb60fc3043e,0.0034445404937999834
ck_1e0841ed17fe0562,0.0305350108909325
ck_0d641d32658d6e0f,0.04637797658427745
ck_b36086ae6d87eec1,0.006954901768783496
ck_962e65ab33b5c311,0.912572362978033
ck_b046a42684468e63,0.05077374210657363
ck_ab3426435b0017d6,0.05543572854269872
ck_fcfe06e44d09a344,0.1254848069285248
ck_0f6d916c92189516,0.024243079071651807
ck_d4c8f0d957c3965d,0.05041176879880731
ck_2ca83dbd728af019,0.02635164199555403
ck_2857a4ce9f72fbfa,0.015945811720543077
ck_a60e6edc48e3d0ac,0.7012019332206659
ck_0cbd3b27063d4415,0.1398090385658342
ck_612089ec90c37219,0.07974817437688891
ck_ec4e597f17f473c6,0.005283236300010267
ck_1c93cc58f314bf71,0.05684774765219409
ck_2b359a979520276e,0.008235759681978866
ck_1496568ddc3b2d56,0.031167399328067932
ck_41d91dc9f5063566,0.045186502396217514
ck_4c5ff58afe3d7a67,0.03750591450309598
ck_81709736281fa3eb,0.014305318293016091
ck_d89abbab3d4957aa,0.02064725556050854
ck_52453401f88935da,0.08535598358957885
ck_a477654d34783e06,0.005666737985721076
ck_72dd0dbdf808cb00,0.035885647703364394
ck_c183dff3781746cb,0.10509995897854862
ck_c8b7f241810b45e5,0.0027755564114524994
ck_f88028c3f306bc70,0.0653214010015543
ck_91d48d69e4f5d9c2,0.0072056954038907375
ck_b74b9ba6d7c9aab7,0.36302828729434167
ck_03e904682dc73bba,0.03275920299190867
ck_fc6fed6ea96a004a,0.010211121704528014
ck_51efdd240e34c642,0.011425595133039633
ck_e78ab4ff52b5fd2d,0.017542108951627368
ck_4af7b97c24d89a45,0.07294221613863178
ck_295c0072eca7f7a2,0.01869216684932595
ck_8abd1a50a9227463,0.044070732294712
ck_ecaa6f13304e3dc5,0.005661575186670635
ck_de436e7b319be1fa,0.9950706149423796
ck_c802cf8f61466027,0.012700671742726873
ck_3d83e0a3c1cfbf8b,0.05219732527229995
ck_28d2003c2d16e4b6,0.004651737266345389
ck_8ddaf745bbb9cd62,0.004756724038803264
ck_493b6256091014cd,0.08135934936240238
ck_a2245822cfea997d,0.014311457371681865
ck_f7305b3c64cf8a03,0.08528855812792573
ck_9937dad93a0ed3c1,0.04124641470816364
ck_d654449f9231ad76,0.013437798946667013
ck_850e2b59bc535490,0.03260141164795856
ck_e55e5bdfc0242aef,0.04722375754139171
ck_d35c51e981b98c5c,0.016535350937496515
ck_27cdf9c5e6f0915b,0.05831791288884376
ck_d328db1e1052d820,0.040410096964806935
ck_0ea30eff5f361cba,0.016754911886014055
ck_9994323f97109f4b,0.9915030052552629
ck_09054e97bdf9624e,0.004825595358858323
ck_723b4afc388113c8,0.009247742266001134
ck_588f6e6a6a6d93e8,0.048153399999882815
ck_e1d563fab4d6116a,0.01741316900821075
ck_53aca610e20598bc,0.009927133318283526
ck_c8131ddc7ed33448,0.005327540988161846
ck_899f88464305824a,0.045702210523512476
ck_1c17c65804f8889e,0.024817617350819388
ck_45a16ce12893cf9b,0.030362902336310647
ck_f9d481aa4f9b2808,0.8505310610129039
ck_1d5d74169cf892ef,0.04014613228252304
ck_aba32acb61c1aaca,0.08688951074106731
ck_ec4dd3675a8d28cc,0.03551293798599825
ck_5dcd443fe0bbdeac,0.014549901378420408
ck_3a47e3f54475e854,0.0037818538429906195
ck_a9aa5c344c315532,0.02475947055972475
ck_9652283c9f61fcec,0.0056844274643434054
ck_752dd3d2487f78ea,0.022936208839224
ck_a821980ac4db9943,0.47732420489627647
ck_93e0d6befb67f7a1,0.06907799987778057
ck_e7a3881c3e36bd51,0.4531568616791247
ck_12631b78f8a03df2,0.005577251937880737
ck_57b8226610b48854,0.011227535504637657
ck_352657008983fd4b,0.036315279967269125
ck_0841a5c24fd3dd28,0.015929653280471797
ck_db9b9d5d30f74070,0.07018350009383352
ck_a9dded7f6294e44f,0.3000229512424315
ck_91a16336ce3217dc,0.03584368289213755
ck_371bd9388b287677,0.005914447819133778
ck_f285e5e1912a7c62,0.01701980703810116
ck_368b65fca69fc415,0.18255343833122728
ck_d27a73596b6500c2,0.07751444326773854
ck_2d963f9b2c4d11e1,0.0423046648254955
ck_7c500e219af39486,0.0677992354845027
ck_7d025dea5951cba7,0.032059181634884186
ck_32f632706608859e,0.013818299415071898
ck_53816231f3ffb48d,0.015189182443842245
ck_9dbe184e81c1ca8d,0.09999261729405774
ck_d74123617f22a21e,0.023371837617775493
ck_275386782b1606f8,0.005211989706731767
ck_0b0e79d33e50cba5,0.014104996296508127
ck_ba93cb604f792915,0.08218085488772266
ck_a86cd653472eccbc,0.035550862493153305
ck_87771861e0447210,0.449338282689578
ck_212380e0371d8a6d,0.03595601491810115
ck_ef0d702d7b0ed745,0.005395084294337008
ck_2b8f33e22f939372,0.8834159064302792
ck_480347ad92037105,0.02966465873430794
ck_20124c3a16c53ce4,0.03488996980030916
ck_c9e1e3229baae708,0.027362584944761705
ck_b1befe967f7a5ebf,0.09884337342068447
ck_4672167d7c989bbf,0.06121833533489435
ck_f0c44ee5e3a42e3d,0.0786649302536658
ck_c416357d20238a4e,0.008697916832331292
ck_d0f470f8078c91df,0.047940984231410556
ck_3a70b4ee59084715,0.013755670984872317
ck_179ed66cdfc1ce27,0.005441719126816996
ck_387e5a7f163c7837,0.01186368289426772
ck_08fb463e69f647c8,0.9896276787638131
ck_732f725747393ec8,0.03244141540905729
ck_7cc5e0fa3ca5a713,0.03829552804566905
ck_ad4a4daa826ac68b,0.12855768698768583
ck_472e0be7a3b533bb,0.036556159280365944
ck_7190177963eafdd9,0.03285042015226312
ck_647ac26c5900f082,0.030163657613592687
ck_272ae2179bbd8e58,0.012624762712424827
ck_09b0d8af304646bd,0.0055990003521836475
ck_ca0cc8ea9f344408,0.013788653954244464
ck_332ad134fb909869,0.016765854101760427
ck_fca2798914627dc8,0.17254336886168015
ck_4450b55f462ae134,0.008491572902142593
ck_d67d9dfb60b286b9,0.007733301529207986
ck_a9d2bb4f2bde7052,0.010908257536799646
ck_929bcae878a3ecb3,0.7966271332052646
ck_59a9e000fa275e1f,0.08371780341336035
ck_57f17254e2688637,0.09903429746043027
ck_0508908697f60ce3,0.08764478353957275
ck_946afc2943298d26,0.011102627873915413
ck_7176d12b18f2cc0e,0.02445309242730196
ck_5c47b49c26cce286,0.02054391612250913
ck_b6a2bdb2d335e1d0,0.994032611612815
ck_1d58f6caaa4d012c,0.026967046787697766
ck_71c917295020ccc7,0.015619979194662188
ck_bc89644ae3688995,0.02116982288272284
ck_e7c212f16d6df272,0.026524032391912346
ck_c6d2e11a368184e6,0.0054628039430596395
ck_eed7f1f7548df15b,0.026674534958927645
ck_75b69034000ca7bb,0.04309364581499863
ck_38da3bf629458682,0.009903492158341411
ck_90114c891239d821,0.011467734264914885
ck_8ee08f6777cc155b,0.030731609804117092
ck_bd86132499defcd0,0.015638816638518734
ck_b95fbf2b5640aa82,0.014465633959417431
ck_c530235393360e3b,0.016431034723276904
ck_be52a7ec43241ba4,0.09400914232145402
ck_d96eb3cc55f2772f,0.016925946126934453
ck_dd34f0a844fb115d,0.4314348911000836
ck_17cc7b411f448e66,0.12348860515921624
ck_856ea65fa27d06dd,0.03138808401294778
ck_056d5f0301c30902,0.15108391172438232
ck_e662b14b2bab23a2,0.0911584522167493
ck_209f574c8d92274e,0.013786814342468647
ck_62720b81617896cc,0.04635184323570393
ck_041614694b77e599,0.015107284587968443
ck_461e3f7b97db8d16,0.09194198881315638
ck_1b74b798eebeabdc,0.04950681411745183
ck_0ed2739384f1d644,0.012809423351218024
ck_5a4d19f1b83feeb8,0.003553521462772941
ck_463937167965a1f8,0.05681703257995155
ck_9d7151dbdf100e0e,0.04987266018358054
ck_20a7d1ce6cc27312,0.0120812277925457
ck_6031211ff118cf0f,0.0017368532464254183
ck_a6fc92aa91e99b77,0.9590733300790764
ck_0aaaa9d2f75a0518,0.03316643883723476
ck_ec26e327cc1848b2,0.004382659489587692
ck_0e6bebf8ae9b9b03,0.04391303147234288
ck_e107537a4cb738f4,0.005633760420368434
ck_e8ea56e122a5a487,0.045986620878193586
ck_98149ed45d38c4d3,0.11566751357178898
ck_0e719b3a6906b8f1,0.003064279850506519
ck_0c6e7bd357e4a348,0.010429555759582758
ck_d3b2b250da61db19,0.896672138624955
ck_8bb6b0a292754576,0.08726962901983366
ck_87d70f5fe48a6128,0.12386624200021162
ck_ea9edf9c107d429f,0.25718386783201747
ck_059806c52cebe4f1,0.28365367685656606
ck_a72d6df666e1c21c,0.010080359832480592
ck_1d2b80ab6c4944b9,0.009656287880392885
ck_60557f077abc42ca,0.5721561244463171
ck_e5f5cb7dd6ce4a37,0.0665458602385088
ck_4c4a939154446053,0.005723210089562897
ck_50ede3eb561a202c,0.06237407337535878
ck_6d03a542922b2ae8,0.015692876818891685
ck_d6fe761ed0db3270,0.050236285237261834
ck_7f0cd6ea3096f985,0.012297467889368481
ck_23edb6d938a3b87b,0.031820523888610626
ck_799aaf9f2b9ef621,0.01457250803234791
ck_f8f6a03613b6dda8,0.008440512147438824
ck_7cffb189f4f514ec,0.9727589575798549
ck_c081e1967dcd811f,0.05445207078670754
ck_583d6ca78c97d91e,0.6754092719416886
ck_9332bbc7125219a7,0.012613757236210494
ck_956b5af6d7d86c65,0.8091854560207696
ck_2d634e3f24681c0f,0.04911921734041261
ck_7b35d218ed0c5a60,0.017988602419976307
ck_ca5b1057f8248f73,0.06263429125704915
ck_ec5ea81cf813597c,0.029976052244972348
ck_eaebaf4d28400fb8,0.04383780421433141
ck_ae2ab6be219219aa,0.03549970715460374
ck_d99a8b4c820eb46b,0.03686664348279036
ck_bcfb7ffb7cd428bd,0.025701687198337438
ck_3dd542c2d31be2c0,0.053140133474657264
ck_c7dd84401e29a7fc,0.003669300896849386
ck_c4bcc7cefd40f8e2,0.0024507420349282236
ck_c251898b5d51e3b0,0.030606466842221364
ck_36d37be780c1291c,0.002785771940284087
ck_99b4f266b61ae7ee,0.03559068898488623
ck_c37f03995f0f0169,0.0067120965516830125
ck_65a23ac8e44eb901,0.01576483287450275
ck_644b1c1149eea9e0,0.04034790645845415
ck_9cf44eb0237c2429,0.022225891329580853
ck_20541686a94fb71c,0.04082077002302956
ck_c18245be844680f3,0.07490080725658702
ck_56de216eda6b7fa6,0.00624132231161933
ck_406c4442dee45cd1,0.0030426423587673035
ck_df1585c7d72a96e0,0.012157714168417348
ck_b8e8dba20676d87b,0.09959020297730214
ck_0ee6965e68efc177,0.035824501371611826
ck_c2a5c54ad8d0d297,0.05644320370242973
ck_bf6fb7e6470e95cb,0.0027234123409013767
ck_27fa694569140345,0.0031504755396277694
ck_e04166b0ce66393a,0.008550640190814763
ck_8742114f4f0cb22c,0.370328192397631
ck_6eceeafd56b42576,0.2566104041293805
ck_34f9951b0eca1965,0.03408311140797628
ck_384ccecd342a24ad,0.01281180990142611
ck_49c98bebd1338879,0.01096709537289044
ck_6c26c12071c91ff6,0.006211403850249066
ck_01e5986ebb9a78f1,0.09851141692079718
ck_121db7ba3be29ee8,0.018210121157109464
ck_039e6d5a330cea1a,0.1938201545312457
ck_ae8c9163cf957d7e,0.026091801794629346
ck_3f5e8f3f1df0c8c7,0.1505870075489456
ck_b1c51fdafcd80122,0.02779785028676582
ck_12e2b5ebfe8986b2,0.007698970703477758
ck_d55eb81a4d543c59,0.021134631756107126
ck_f85155ca5c312c7b,0.10027568729816702
ck_133d8a1ac7c0e301,0.9963119423986063
ck_04212a9bb9b28696,0.9978711712589874
ck_4cc11c7d3ca61f73,0.009942332554735561
ck_2df4854186ec515b,0.0277813213747929
ck_aa9b28e7fc43af79,0.8558490590198652
ck_47cad6c3def4c9e4,0.005500808097185313
ck_fbff7b5da8111567,0.006049020981666432
ck_bd25ea782e375b22,0.0717247631817188
ck_7989376f8cf64a9d,0.05814726865441482
ck_675c0ca1ebb1051c,0.009931162613013142
ck_1436f6e11d4008f9,0.04975257497507332
ck_812cb3a4482cc618,0.02916841273331031
ck_6e606f73a1094afd,0.04561675366634096
ck_1b708e2a4a0584dd,0.030093239704801166
ck_a60d6b324bae0330,0.015350023125216725
ck_706a4f673a9fda3b,0.8089280700861159
ck_a75ece9a9044eed0,0.005635149007086129
ck_9aa45c4e03c8c57a,0.12471098043284504
ck_9fe9bdce982b312c,0.04535865398850133
ck_c6fbdc5ba68a8466,0.04538493910074001
ck_ed0cc1b1c28f9511,0.12113951154660907
ck_a4e2607b4c8021e8,0.003186956405255464
ck_e02f93f51cc8caf3,0.0156764720772392
ck_7084ed3cf20781b7,0.06240817757397687
ck_cd4c63155570d6ea,0.004569421384356825
ck_d1b9e5d32d2d789f,0.012944475793104059
ck_68f56f6560a7a933,0.0174456582065706
ck_8bedacc6233c6269,0.058821158660742154
ck_ab7cb50407d6b13e,0.11557276871905482
ck_f17ed7e0fd687742,0.20519013521814386
ck_b0fe4b92fc70f72c,0.005950892691264085
ck_84d62b8196da2452,0.03209505237662649
ck_9e298cae167f4693,0.013507127506814702
ck_405b20ef9ad0ba5f,0.252410301223984
ck_813e02e1ababd177,0.02878711660556256
ck_f234ab47061ba7c0,0.0050677972900893525
ck_22b587c18363899a,0.03149807271563252
ck_4e862c2f48c38aeb,0.025260558338201993
ck_b89cb90a420c9075,0.007900703497601672
ck_be2251640f27a3c9,0.1510551367136235
ck_46bec0bff167ed3f,0.05415589974088605
ck_c0032232c2868328,0.024227564213602244
ck_030cf09525dba4ba,0.017876161804530798
ck_6ecf56236789fc09,0.9822446301514544
ck_38d4ed52cbe6d123,0.10582116748574362
ck_2d923d957ffd4d53,0.022346499371418034
ck_3af1eb88728ed8c7,0.06633010553709046
ck_2f8120ca80a1592c,0.02123838657150901
ck_6cabb1a133f0b151,0.022291893917697383
ck_bb6cf7e7b707731d,0.8978415951232706
ck_c8307fecafa90140,0.07454174256116758
ck_75f968be67f46d24,0.0927565740578986
ck_df6fe4ec5a233213,0.01263035240757392
ck_b53e88c0e927d896,0.008330228506319095
ck_f0093064aa28f4d0,0.03536804111204648
ck_ec9976cabc63ff92,0.028521752837097538
ck_30dac0a58c5590cb,0.24437593371788824
ck_348a525791ae6475,0.13161375013958193
ck_b898d912d1181ef9,0.005110436444739321
ck_f5b1200dc6f95760,0.11936883407299421
ck_54978a073e7a0b1a,0.011528688773531873
ck_55933936536a4071,0.007681253654861338
ck_d6ba7ffd2ae08863,0.0634716032556805
ck_404e2217fd87fdd2,0.006887915569726182
ck_dfaafdaefa5716b6,0.09264818235555966
ck_556c62e92d4e7e5b,0.2919334275085493
ck_7ce44f4e06d58111,0.12027548975113364
ck_465cb8ce232c7670,0.04550812568237166
ck_237508ca4fb37268,0.23742481347629404
ck_ba4a6b9aa63964ef,0.05368081450297805
ck_4802a0a7a1882c88,0.3137609098230769
ck_9478dfe4114c30f6,0.013622896447639055
ck_5138f6c575dec64c,0.09556087778457624
ck_aebb42afe430e2e9,0.004213896346081779
ck_004efa95555437e9,0.010308149811843246
ck_11af112667c98394,0.026610224830539535
ck_44e9a18a8645c9d3,0.00912573081678534
ck_2605fd571219e28d,0.009628949787303331
ck_dfc933493561d84f,0.04746975211212862
ck_67674348e68d1f25,0.04327906254798388
ck_dd97429277a2fa00,0.2941850096659538
ck_d3eab7a06eb48348,0.22348656569363837
ck_0b9fcff9667ec05a,0.025513241332663254
ck_fc4bfd6e739bddea,0.0047746673965987346
ck_43292f70a03ddf2b,0.1385952146647632
ck_5ff6108056a3fef5,0.02919313463925555
ck_767e0be086b5f601,0.08748359999058164
ck_b8465b1a5666155b,0.15326139770925518
ck_ab2e3fc56f5b3aae,0.018145890578584827
ck_1833c81d693c1e07,0.9941366636292446
ck_0308e0602b856445,0.01624375535086716
ck_ccbdfe744acff8bb,0.013286590658358794
ck_b294aa27a0b586d7,0.013379660916673242
ck_a3747201f377626d,0.9907750492630795
ck_edde1d7d1db24725,0.07221536483809808
ck_ae3b47d6e1063704,0.00569289421333509
ck_3aabf5e0f4defb41,0.024399010200275628
ck_f034adb57391f3d7,0.05022133780702817
ck_533672fb40531607,0.35637509531153055
ck_2a244f1ae08ef83c,0.04264787580802654
ck_a35d81bcc54ece2f,0.0209243085657035
ck_78a61215675b38f0,0.012411470769206921
ck_e013d88ea7939616,0.020204439410067096
ck_e5018f9418e0102e,0.05177959040977059
ck_d4e024fcda401a31,0.015435653280033396
ck_f736cffbdb82db34,0.0019471821355101363
ck_1507f5aa50cdf3a0,0.020243703533749678
ck_18270fee7c8fcee8,0.003516089467733384
ck_95ffa1a805a1c9d1,0.003669340153674092
ck_11132d245b94d045,0.0077428652200899565
ck_7b93a622e40d8b14,0.12530644752430303
ck_3854c08d17704347,0.1932080372787765
ck_7717fcb100dc4b5f,0.08124047298576206
ck_ba54e0a1c328119b,0.4526823600928231
ck_a7afdac4ecbf2de4,0.4301524200144826
ck_ecfb771ed2352085,0.014981334513282056
ck_68be4fefc85a6b64,0.6235406876452027
ck_dac7c50bd6d0148f,0.005840855363773697
ck_87cf36a03bd63c24,0.35217028796075406
ck_8adb40b168b59d7c,0.030055650257375877
ck_8d2f62930777416b,0.12679447515276654
ck_9958b58da9e3c21c,0.029437304407330098
ck_9440335375701f44,0.01043126125991613
ck_e2f88e202b6f700a,0.050995557272833995
ck_4c7c50684827a2cf,0.05022187470084461
ck_8a6ea4a79b1c7a8e,0.044828957613565736
ck_186dbff4b24a3bbf,0.5540264350507015
ck_220fda3c11c59b6c,0.09149670802690868
ck_3acccc69f8b1fd14,0.21055116197972065
ck_9de191bf79afd676,0.01659143279948191
ck_6de6b1663f9457f4,0.0067191315225358286
ck_062754f8b79b86e5,0.007368589864933616
ck_aa153a89a52f7eb5,0.10677663481036677
ck_34a6bd3be642f15c,0.0413793874708301
ck_9371c700d9830326,0.0962153957222917
ck_a99e0c258ad7576b,0.023335609637147918
ck_0a7ba51d626e932a,0.11258168755659198
ck_852c50bbba1ead13,0.15596716465143767
ck_43dc13b6b6d31297,0.05827905184521086
ck_7d81b59d615a6649,0.08507707620849131
ck_39a3f1da060e88bf,0.010053134769960892
ck_6fb2d142c09ed3ed,0.2634783799123465
ck_6e5752b87324b58c,0.039369148229340636
ck_9441d48a12e8a4bf,0.10463715087787452
ck_09e9c51eb538b255,0.02342217480139795
ck_8d0cd981ed3a183a,0.06259528140764631
ck_57c07c45269ca8c0,0.014414835011934331
ck_ccfc9ab888ba933d,0.061583961429981224
ck_9658a6ef471053f0,0.02560079442830979
ck_dac3852758f4ea89,0.014653956731010113
ck_b1ed2278f5f14d82,0.05682780892897282
ck_333544d173524f70,0.3764264995260127
ck_fd4582e3853ef23f,0.03883763543111966
ck_614d936cef98db04,0.016464863917321507
ck_6bc351a3d57aac54,0.027665922509946483
ck_af5842fa7202ff25,0.016621043462144512
ck_81307759252571be,0.016662382821724008
ck_b4d2f02d2cd45720,0.3876433255667608
ck_1bd753a4681946c8,0.9557390012995546
ck_46d8c029d46867b2,0.005832173795021066
ck_b7da6640fa2f49cf,0.40572753941922923
ck_9ea3d5a5a91fef9f,0.43732351776162337
ck_7b922518f667f76a,0.004282155342126056
ck_2a5b31594206eb30,0.9338906323591201
ck_d9506476ad3f9e08,0.013151678275210708
ck_c8791f7ebd4d93c7,0.09327061553625984
ck_b5a3e20fd210017d,0.024346942956120516
ck_8e54386f4fe22cad,0.0578338127856443
ck_75296704f5806f56,0.12473922461943496
ck_0fbbc7a6af300368,0.014758547799708624
ck_d19bf4dc0627113d,0.007587389097366459
ck_7951bd4eb99a0175,0.004954737682315202
ck_059e4fac6b7f704e,0.012156302848445153
ck_2ce8931af02a2ce3,0.008236411837614813
ck_9e665618a4860306,0.021616881020594104
ck_6fce5a893613fd2c,0.0019222310727327254
ck_9e3fbd04e3532f32,0.2259330402992362
ck_55f2ef0de3420e3e,0.04888575171825975
ck_8d87658a6f5d204c,0.9081016757907492
ck_6d6ac1f5dd882aa5,0.0052775745673943435
ck_55d0c7012d7ef236,0.07331542034363092
ck_7738eb085e5753d6,0.004828517936187405
ck_0e6e05c3cc8c8242,0.027741535924983702
ck_8d27ff8383d48132,0.006349512414222621
ck_9afc3bb849f3a64d,0.036246915246062265
ck_27eb86a9898cdfe3,0.022225245228434547
ck_1d40e4fc541abe93,0.47767871503150494
ck_4fd9dc00e1913587,0.9660967826939312
ck_b26cdb2b7b165d2e,0.03244490989933667
ck_a79a27767a02e31f,0.03245990928392432
ck_f0c18cb9f951a71e,0.06748366020554963
ck_50460e0189de6274,0.9537095968057561
ck_5e5280539257c986,0.007398556984675398
ck_eeb854318b3a6f0a,0.03331055058781595
ck_943f66f28dd24750,0.004365149218684797
ck_984dd7452aee372d,0.10678830204313947
ck_ecaa6de0aca5e9a0,0.04542253021750944
ck_8f1cbc432e2774f8,0.06773965202630224
ck_d91d9f8445b9769a,0.34354096580338045
ck_73c18e03e3c7612e,0.0046464235223648885
ck_aded05ada490da20,0.01852060618478752
ck_f744e208183971f8,0.008708864843391033
ck_02d4cef6358ad3b7,0.012429336112472919
ck_08ff5bd467226a5f,0.006312594685976043
ck_f824b326d5089885,0.6590711842170213
ck_3420f2fd520890f3,0.09515126693207887
ck_1838cf8d00f5b1e1,0.05036079142565887
ck_a85182ad90b6f1e1,0.008437994567185162
ck_fecb39c82c43e76d,0.00822011980293201
ck_162513e73782929f,0.019316958698181598
ck_2c27b77c59d8f23b,0.20509072056323166
ck_4221e07b17388fd3,0.0919035108373707
ck_adfb8472d5c3d669,0.03455221372301962
ck_0742fe64055d686f,0.0043576670954339645
ck_5060aefcc8b6f958,0.052682818049777425
ck_643f549b4ac78a26,0.5977052146578471
ck_dba767885bd6ad69,0.007477392038442965
ck_0dda35c0c64c7073,0.9843955161033676
ck_38ea56d43afa5660,0.03836872851728047
ck_d813e15ac91f487c,0.17419946177308598
ck_4c840e5585a7b167,0.22680421679670668
ck_cb8551453a7bb929,0.007375481302722644
ck_05a00b1dd5a03359,0.03089578809031436
ck_837cc7fd48453a01,0.015364314267583399
ck_49dd816b31fba6b6,0.8300175711198468
ck_86a61d9a39768e87,0.017390980790998316
ck_cd0e76f0e7bb38cc,0.0778213458360198
ck_dbe58392635133ca,0.052158189598024145
ck_3caec7dd6f8d02c9,0.09757044247471228
ck_bfd9bfc5b6ab4a54,0.50229753278385
ck_2103399bdb2898a6,0.035905373665233435
ck_329f7de7279e74c5,0.029047711585236117
ck_9bf0d28119fc42c8,0.0501429944262691
ck_f781539b1042dc83,0.009955922659306476
ck_9986c7d781ac6b4e,0.02507830738192745
ck_a627734880aca848,0.0045930635635737325
ck_2106e509d77fdb4a,0.5616527717199948
ck_420d1a9c604293ce,0.014970904709202058
ck_fce0610c527e2b56,0.0870993858484282
ck_073da541ec3f9d3d,0.018179006925952708
ck_aa5f3ab48c17fed8,0.3020630177401006
ck_0fc1086e1c9e04b6,0.05021260996872847
ck_5c33bb46c1a5945b,0.08105330139671371
ck_500948a8d4bd8e13,0.02077369025678163
ck_19becd44f2c3d2b5,0.024094907478427158
ck_7d0fe77dd5ddb656,0.06036732039757469
ck_f158d9e5f101bb35,0.03758735994292658
ck_cdd7c77823c2257f,0.1823006125793108
ck_6c7b41374f9b2e55,0.031436032869092446
ck_417090dbffb1a63c,0.08351827771294179
ck_dd0e17605f970319,0.028099479405735144
ck_3646515079e6be55,0.018207318493080854
ck_89c8b06aa8c84b2d,0.2373811340448485
ck_e4d6dedd97233c07,0.10561078748520114
ck_bc82fb1895fddde5,0.00724004796600972
ck_88a8b1d442ca3686,0.02965718709799318
ck_5791f8f76a629a4f,0.1056129583727253
ck_9cf5e88e97c8c7ea,0.064441375126334
ck_58fd684aa5a6f289,0.0005729109374709385
ck_9800c21dfbd8e811,0.013370802120201072
ck_8ae64df60ab6ccda,0.026300045149360296
ck_e535fb0f0c00418d,0.20946384388019562
ck_48011996d54855ac,0.7304797132342584
ck_ac79c72a8fe3fdef,0.16528998385286192
ck_b8cc2df5192bc49b,0.11607059642968837
ck_e96a5e1f08f8a867,0.025450517211921098
ck_84df6770549e43fa,0.004729180187063749
ck_e5f7b99ba6ec5767,0.06489985832453676
ck_8347455ab53ff620,0.01013886901260036
ck_a84f2cdf695a71d6,0.004280510519660312
ck_90456160115f9ef4,0.013526850481760595
ck_ebd178b3f3a9c50c,0.06224802429558224
ck_e1140be6157bacbe,0.004603660051997273
ck_744ffc11d32b96bc,0.025399795387446935
ck_e12a9f7d027e3387,0.009097499847134417
ck_cbe525da0b69f18a,0.03684410190377239
ck_aa59702537557ff1,0.11652373009584918
ck_0348cc6908f7f3af,0.0012990399516350174
ck_120e995d50956bee,0.10905078349234214
ck_9fcde1ff46cbbea5,0.00285830148381699
ck_54b0b070689c50d6,0.005835965397882605
ck_966a167758fddfd4,0.15421696364192528
ck_d5194f2e92fd6427,0.01794740225620501
ck_2ee84f3fa27f2cb8,0.012828884364355619
ck_57d0a7eb7eae2eaf,0.06894876771603872
ck_6a2c4edd82e10969,0.008792798444877506
ck_96e4d38ef670eaff,0.021178645464715207
ck_52cc2fd5095b169d,0.0177183478485866
ck_4b088920f3a844c1,0.15567107586115025
ck_8f3ccbd20d59f1f4,0.010141225315993702
ck_e5e5dc431bed6f9d,0.035353710877416566
ck_e8b5bfa6838e28d1,0.019210015686700818
ck_4bfeb78b47b7c6a1,0.12393030302702245
ck_a705c61bd679496f,0.023796035589031362
ck_731869a0c39cb2fe,0.1266857290727185
ck_259eb102342057ea,0.008005603964693471
ck_47a6005fabc33551,0.018802472750099716
ck_682262b455a9edd4,0.0030384934267350776
ck_e839d104854945f0,0.012572129570477857
ck_761989aa4c47d746,0.03808646078111914
ck_44211dc210139ed3,0.031509453198311624
ck_9915ceedf63a5289,0.35020112991319563
ck_da59ab47cb6284ad,0.01861791945291553
ck_e5cdbfcca2456652,0.012435398031374242
ck_13f2560c6a1ec62f,0.07745688270792704
ck_a0543e9b3abe1001,0.3274364209932694
ck_11c7a58e09e6547b,0.0896622678396602
ck_69587a134d43a4ad,0.13217963307109087
ck_28dc0de0ae291f37,0.11765865812308406
ck_298922703c5bbe05,0.0729935879288597
ck_fa5ba9ed9ed6a343,0.0512767906144542
ck_c08e64d424e56c05,0.0713743244031553
ck_598e036a28262aeb,0.06504761929775767
ck_3f7c870510083a51,0.03798426538142263
ck_364f8203a3e98d36,0.8672063434168447
ck_7333cedb61506ead,0.009840692291182016
ck_1d96d7fd65f208b2,0.012143654732355695
ck_63133a79f23e2627,0.10575590531762874
ck_901d820e0b72abae,0.0094645572308356
ck_5dd80b3c01457bd8,0.04111133740651859
ck_c0b8067c144ed6c1,0.013464497217272664
ck_cebb8aa8c8f62c60,0.010537159460589035
ck_79749eca42ff1f5f,0.027413498156048724
ck_2cc1d9b587f6da31,0.37791609835045237
ck_ccc7916b56d42195,0.0034518326951288886
ck_e43e53cc7b8b8e41,0.212377570623458
ck_4ab74a6e7450416c,0.016871218943940502
ck_6e44024e9de301c6,0.0011431237704437147
ck_dd78cb6ae2866cc6,0.012359038662042554
ck_c363d3b050baf3b8,0.22749982697716717
ck_2d46291975f0dd08,0.01919709655099054
ck_76ebeb5aee42f041,0.15567107586115025
ck_8395f004cf4d4c08,0.0027082239342412816
ck_de7259c3741db179,0.09786151161248795
ck_3938e92585df2b34,0.057152848619693636
ck_af69bfcf4f07d932,0.012794480930063629
ck_1723900ab9afe374,0.11254493582395478
ck_3d58628d1c853c8a,0.007209749400735521
ck_12a074db100481cf,0.17841759835082116
ck_8716cbf892c50e29,0.028070794710775938
ck_fbf7351958ad9615,0.007196169449198814
ck_a50370907e6b397c,0.2162698406855822
ck_937402a60df0821c,0.0029012356833565214
ck_8ce9c5807acbef48,0.010736838867448965
ck_acf7d65eaaa4c31c,0.02114856628809381
ck_ec3eb6dd0967cac5,0.0646492415103163
ck_fc832b0c90c9bdb9,0.9707075788271589
ck_8129e81cde280131,0.013971069127416025
ck_52c0ef68aa2fb8cf,0.03927953582373554
ck_06f042e9b1b662fd,0.08944982021424785
ck_0bf35dcf7b38f650,0.003835210796590648
ck_615763afc2e17a7f,0.0034739222751821596
ck_e72db9d4b2fc9997,0.9760212895638435
ck_13757bf0eeb353e2,0.02764186738319734
ck_abaf371ec8249c4a,0.15271991368185284
ck_9b7167da0920c37b,0.1168685642366843
ck_2e824b0b27494a17,0.04800174476908207
ck_9a0b605e9c3220c4,0.04823470439739495
ck_a5276af466b681de,0.0070408363901721385
ck_9e0383e1fb6e214d,0.06485921682594938
ck_6a27c44b691dbfac,0.010845966135975488
ck_af39767cf583905b,0.0531067742488796
ck_243b1b9fdd3f9a74,0.002549829438498345
ck_c0422e638a9c6046,0.07734112784749131
ck_e0f3ea3373dfc4aa,0.02558411153321762
ck_d56ee1654378ffc7,0.045086624832508596
ck_20cd2f5666719baa,0.0051724550701608574
ck_4dfa1c1e9b69fcc8,0.01312984307821902
ck_5d22e9ca1d15180b,0.6930068983555422
ck_f4a7ac178fd55f0e,0.012616053782400435
ck_fd5609bd23a1eaf8,0.008138307177654673
ck_49c3bf13dc9471ce,0.020704837068150496
ck_724085c3452d4693,0.5066458257757798
ck_e5d1462846154a75,0.06272345005381044
ck_c69ef0f3e7d6acf9,0.1361065317426497
ck_a2d0417791d4132d,0.07514167407280331
ck_00a07fc2a9183c3a,0.003539772530098997
ck_781b8288e54ba8f8,0.21338543383871214
ck_d74a62ab3804a81b,0.011823163080686597
ck_abcbde211b6267f8,0.3422215911662204
ck_16dbafc035574654,0.005126522116104664
ck_018f780215ecaf38,0.012187731886816506
ck_0b259620eac51618,0.006884076179389037
ck_4f875342394c110f,0.08679573458387811
ck_399e45e5fe9beaee,0.01774788938538661
ck_36224a2d394ebfe4,0.2595496553497318
ck_c189b551bd111332,0.005055273873677346
ck_125c5a720ecb177a,0.1973485596595322
ck_76d010aa02eb477a,0.0018052388335349646
ck_1071d14c46c92379,0.8700664538057301
ck_61d244b2cde483af,0.023470306604374828
ck_2ff1860da2004c84,0.011642537420142512
ck_c5b583490198672d,0.010953367452855627
ck_1294f7af22fade11,0.15649793379508894
ck_e3a22799716df39d,0.009286014216141902
ck_c77e22834ef97005,0.4416334502943407
ck_73d3689728270a2b,0.0027537342157874824
ck_295565fbf77ef885,0.0193267135384712
ck_80c0a7f54ff4895d,0.01033953437580753
ck_f1ef5cf7f10b16c8,0.2050714689778562
ck_a958b2461ffc21a2,0.19793345084677907
ck_0e7899a57cd617d6,0.025389086427144113
ck_9d4fed252718f58a,0.018344119645081484
ck_83c2c34add971d76,0.003020041499192843
ck_9ccc030ba2de9fb2,0.040722998096683914
ck_cd691e3466fb3742,0.029957535539951213
ck_49df70f908dfd069,0.0912405845266366
ck_362ce13eec1e33a0,0.008889194171648294
ck_2452a30397dfc54c,0.010690921151703354
ck_a443d49c2b4863b0,0.01393761657756935
ck_c8b2e2cb349dd0ff,0.05604948476698671
ck_354909fecf5da8cf,0.028198783742351255
ck_841f598bbd54c83f,0.030803468066237707
ck_cd6fbd4e8724f994,0.05872824210751195
ck_e0b3158111370118,0.03347518655000178
ck_4c2f2eb657c2c60e,0.009085927654440669
ck_ef346071f0b7654b,0.020530350088193254
ck_f3bc10e3decefce4,0.012857558110787322
ck_189b6fbe9b9192e7,0.008651926463813658
ck_5245cbc5ff4d4fa6,0.014066480247004073
ck_cb42e3be6fe87f60,0.017124074106694274
ck_966d4d713cbc7792,0.008802565908739676
ck_1c8c969667cbaab2,0.7670562499107392
ck_d35e3aa9ef5d405e,0.2914635347240358
ck_a1c39df50a5873b3,0.04659395549816886
ck_a152165caf295b51,0.1063005216493981
ck_891eaedae139828e,0.015289291131053378
ck_1a46b56f4734d52e,0.011528885693141862
ck_5e36042cfad96c99,0.528751734405133
ck_02a8582c2603e675,0.012531004706579559
ck_6def9d0429e4ed4b,0.05951216918374082
ck_e137400825a1e3e6,0.014264150697713994
ck_d91ab840848a54fc,0.020000725140954058
ck_becb6e1c608e0078,0.013474541035962252
ck_6fd8c86ac719d7eb,0.28660018036744883
ck_3ed4d13f12fd9d0e,0.10960479448568375
ck_007337aa99a4891e,0.005315102181011501
ck_60c3d8306527a08d,0.006641400047532081
ck_95458880a54df0b1,0.5492658835354256
ck_b48cd8593533fc1d,0.9026817672259272
ck_021c6a4a7e3f1f0e,0.004505533291420977
ck_764d40f865e710af,0.024661286799433697
ck_4b84357ae8ec7777,0.013285889478050364
ck_3397c7856b4669a5,0.011317021692423735
ck_920bb003b42e6310,0.003556368787464824
ck_8f59f11b512d5b7c,0.17299644692466715
ck_a3acf4b986afa98b,0.35772711009331026
ck_e89d25ed7bdeeaea,0.008503249362404324
ck_70e6bca473bf6902,0.011886438702819758
ck_186161ce152836f5,0.010898372014837978
ck_9191579254663f5d,0.01185685177781988
ck_1e6628879e9d653c,0.021906626914998947
ck_b498fa91a0776ff6,0.13034924839138795
ck_cfc2384f22954830,0.28612585886684044
ck_17673a1c2867888a,0.002551135925949659
ck_523dce06515b072d,0.05367402148881771
ck_c20638a325ead2e4,0.010298881150012353
ck_d3877e1f907cc148,0.021016072522734092
ck_e9a2495dea8675e2,0.03485761355688868
ck_7e561caa5fa1f3f1,0.28077989517732804
ck_455672e652fe1abc,0.9826620647358133
ck_7f8f864fcc90ca82,0.02238126319836431
ck_1ad36046aaeb816c,0.019691248933596125
ck_de056e37c82e8e00,0.020389997845869815
ck_7484c214c889fe7f,0.017526787373646078
ck_32430e678c4f9f53,0.012564427246493122
ck_6276ece8f80ea799,0.007442818726704658
ck_ae8e5dc4b725bc25,0.0854030653680991
ck_f01be92dc78a2dc7,0.0750451347335378
ck_233397a8bd40d38d,0.012995436331478701
ck_f8124911450fdf31,0.9594247335938
ck_aa0a3179f1111674,0.00464011890828337
ck_2366b29ed9887a5e,0.010311609246165648
ck_1f22f04dfc08cf27,0.009587407579214148
ck_b62276c3426d680c,0.031077946522767467
ck_d099fca88691f66f,0.06618482225742135
ck_166bd1dcbaf4d6fa,0.004537133764705736
ck_7b1660e942436e12,0.016272199937170776
ck_4a9a791a1d409a3d,0.03077556469565643
ck_b003e5b54df65db4,0.012338914492963305
ck_64b4dcbf436f0b75,0.015758866199303737
ck_26e9a7bb2061a58e,0.07493614285625796
ck_08b77ad5f8f73007,0.012164001764690686
ck_366616a725afc6bd,0.0970105352335582
ck_934fb5064b6eefe2,0.0017405820169425561
ck_c6abd5d57b1009d2,0.005231995050391291
ck_edcfa9e1cf29d813,0.04659211615596807
ck_c30201ebd003fdc7,0.00883738620771707
ck_c54643d94d3ce355,0.1874954439568573
ck_02adda6e91e49650,0.07861017858733248
ck_5b73d7c5255e58a3,0.21708618743262056
ck_129ffae92dc01408,0.0068069270290123446
ck_fa321945ebedb916,0.15464340465673787
ck_8da980cb2e1e2bfb,0.03862099864988565
ck_0576b00d728bdf19,0.12364341055172691
ck_c543d82e22b3c8a5,0.004446865143486715
ck_0027ba644f9ae2cd,0.3149247874359286
ck_8dbf61df902a6bbc,0.0046152872497524115
ck_90eeca1cda79fd41,0.017235683597169794
ck_86d7127391d4e01f,0.00541248164756106
ck_73762038c7ff2f6f,0.06414883983425891
ck_a1484e6215fac651,0.5682279729207728
ck_cb83b9f806e90dc6,0.2589686080585941
ck_8c6f059c95872126,0.009851140171443246
ck_3174419a81e7caf2,0.0029968093686730266
ck_6a0f8f8fa4a3c2bc,0.03748783335396184
ck_b5777605668bfca1,0.0058960480415659235
ck_27e4de495abb4d15,0.004339162658045898
ck_7f6fa79c7a107161,0.03194835607065219
ck_c36ed9f8e6792ea4,0.07476663330993996
ck_67a1aa88d2ea554a,0.2584822373694656
ck_09748dfe4df3d540,0.00565811095753871
ck_27fd85b1e38b675a,0.012156967027660578
ck_2369689bd795ee10,0.03001992262774857
ck_4eb1c12f7d092bac,0.003810972149350661
ck_01fbafc42c8e33f5,0.01580736355153283
ck_93c4e05699b3b7d0,0.00893094025063045
ck_afc484d1b6907983,0.005369520293793574
ck_1b2d9cae92a1aab1,0.13116047603149023
ck_73b729cb161487f2,0.00835937185436734
ck_fe3c1d0ac090d960,0.14836283444293688
ck_408efac1d3885ff8,0.07015747475845283
ck_ccb4dd9d0a48a76e,0.015787550803639326
ck_2987eab34ca7805d,0.04427275712371953
ck_1dbf1f15193197db,0.20781342683439652
ck_4ed711fe4053e74d,0.22435403715380312
ck_6c54adce174f45f4,0.018320805512725614
ck_a6c740041faf0bd5,0.017989245842877182
ck_b05c4d33c4f43639,0.053645623143080655
ck_032880f1114dd51c,0.044567357344000275
ck_22311b037456a76e,0.0023457003340303247
ck_5866b413549765bf,0.010822623922301124
ck_0e808afe2570ecac,0.08021237849232414
ck_634276b05f4381f8,0.007573484199136637
ck_5d8773badd0d4740,0.040296487090627206
ck_82b5b79ce3517102,0.9716590182413706
ck_b378b8d8100ee4b1,0.02884364150836267
ck_54e581f71be5430d,0.008732653543744216
ck_798ba4b8aa544fea,0.005048153084473135
ck_3fe86b6331ff95e3,0.2005223364755874
ck_81275d9d4c559e6f,0.021099818972618853
ck_99a4e5ef02d89493,0.11276326717836681
ck_54e2eb018d947790,0.08157807845343926
ck_966901ea9c77cc02,0.023001872311782263
ck_27d69ff4e0cb428c,0.4382632080338538
ck_2cee2dd7bbfc09a0,0.9515050214888189
ck_4136b00924695ab4,0.002917358251345094
ck_59a164c40c03a45f,0.08558541204909698
ck_3e24b026bc66789b,0.0024317054247422446
ck_8105bcf69a75ee47,0.02242219462973746
ck_7a1782cefe26a456,0.08399783741722887
ck_970c7dc195161272,0.010706005698153557
ck_a48ec0c00ae20e82,0.13360898133578267
ck_54b374ade34e1dc1,0.011624264879871095
ck_74e5dec189761d14,0.005893255474488025
ck_4717f24f2c6f40e1,0.23276077980624
ck_fc8cd8a8209e802d,0.020061646227100126
ck_71db4131d7efe218,0.014652507372157678
ck_45424ea6f0bc4650,0.3732436164876846
ck_3716c6181a5035bc,0.03891870009948644
ck_26de14b96bdad4f6,0.01765508814396257
ck_99c0a41ac9c73857,0.003936683392081982
ck_645f15bbbcff3b4f,0.9957869212838639
ck_b7e25ddd41514d4c,0.009683950318370877
ck_d5c14e877ca7b755,0.004446082106175333
ck_05ea4440dac6cfad,0.10870918175595075
ck_c58bafff7b1955cc,0.034346154552144854
ck_f0cf85b67a9b840f,0.08220491987732499
ck_ce1500a7f0d03fba,0.08897113592704628
ck_d4972a775aadbbc8,0.024606250989783546
ck_3eb6146c262e0fc3,0.006352678740401057
ck_afb23858a4ef42ed,0.9829286533658627
ck_2c1def5c91c52a5b,0.1962194389361201
ck_72e550559487b919,0.009379611141017588
ck_0284dc2b4f856b3a,0.20185372785504466
ck_03be334935e999a2,0.024277267699545736
ck_e35a4b4a3cb4cedf,0.007284167552579634
ck_5abe57dfff4b735c,0.033146593200925244
ck_f5f87f772388efa0,0.13259328609927507
ck_5a22cb36d612236e,0.012509641645556655
ck_8ff1e6028e764472,0.9927358966008751
ck_2ab28149b0986642,0.06332048004145818
ck_c88fc1bac79fa6d3,0.11216844039182465
ck_5b137d74bba6b1b4,0.0032769541369293584
ck_11f362dca2dfaf5a,0.0171300133959387
ck_7f960541e5174565,0.009243165824971152
ck_d5458ba39ae94498,0.03504229669094409
ck_0a921a73a90c2e39,0.14640696755021998
ck_6ad56ef40086dbe4,0.005324833695167242
ck_b68199ecccf2350c,0.002757937159780087
ck_6dac66c8198c07d8,0.029502360061474046
ck_9b9ce7bebc235fe8,0.014216180176857841
ck_6b817117d87063a8,0.031546366996604215
ck_900d62b3184378c7,0.0064125623154038455
ck_eafe9b89857149b5,0.031027004720842168
ck_e74716a525ee5b24,0.004250313785810876
ck_4e9a6f06ab134102,0.009777516102265248
ck_b0d33b5a3716661d,0.024189445051549425
ck_8703543bf3134306,0.06528641402847091
ck_923d6a0f83accef1,0.02192631514991437
ck_52e37e2170532e2a,0.24279098593452036
ck_c1c5ea839c58958a,0.06901362480489528
ck_660f0006780e87e7,0.02654574101889209
ck_830b2c5d1818ac07,0.08507495763963414
ck_b080ff636932d1f1,0.001032121800207794
ck_38730aace405f2ae,0.9903530725746903
ck_9790138467a06223,0.0018376745126924528
ck_10de0b0d86b17839,0.011126503323321494
ck_c3e37a4d3382c32e,0.005563472514272631
ck_dd8edfefa1eba531,0.006838575424607988
ck_8153cdadd300d234,0.0031698322509840717
ck_74d0e7c2c6b63d36,0.9895905575308106
ck_c478aae3031bb328,0.012584380280536404
ck_cf301f2194975866,0.011989145004655914
ck_f4de03f44e3a5bd5,0.032094561754800376
ck_b06ce826e593b210,0.15062383427660833
ck_2fc70b6baf6a0e26,0.011345456588583687
ck_d208494cf5c90047,0.22307935124219283
ck_086d29ccae565e5d,0.0036118962745192973
ck_d5ef6dc116dee408,0.028263668526698617
ck_fdf0c5b722d83464,0.008691774951474156
ck_de8494b13adeffb5,0.014121265161904463
ck_556786868599143b,0.03472067516688097
ck_4940e78cbdcfecf3,0.01630944183413854
ck_d32fbbfe32c00416,0.04355702749389725
ck_bc7710f7e9fae649,0.004057186118651703
ck_416f7ac57da081a3,0.04612183687087161
ck_6fb39b60c67d5475,0.01866875834017131
ck_e40a156511345d6a,0.01194530167793828
ck_49ab879b5aa7fccd,0.21470688065533863
ck_bb643194d1cbc47c,0.9866771272556267
ck_b3ce8f1bcedfa043,0.025154704200304297
ck_558ebde8c29132a4,0.050876712988144494
ck_e6222925762273b8,0.08447517865356921
ck_bd80546b4807dd59,0.12995318712604625
ck_bd21164bd2bbb635,0.028287879628384305
ck_ea835557d7043667,0.0076061730052605905
ck_1411a80a157ff39c,0.027794578704088965
ck_ab973888c20c9120,0.14204991454225321
ck_95b48972061abe82,0.0060096597621105315
ck_fc4a43f8876bf10f,0.5057440287712157
ck_f34fb7ccf82f41e5,0.012204752303411939
ck_5af9934a56801ac0,0.009866854757873834
ck_fc7445ec76389a58,0.6532477056379676
ck_1eeacc26f02fbba4,0.10406881093401125
ck_4f325dd15c9bd45c,0.1276199516972021
ck_5009a6c8bbaf15ba,0.05789442591331971
ck_0f3de7f074bb33af,0.020303887263099694
ck_2cbc2f93a32eede8,0.18193175837539416
ck_4bb90a61c21a303b,0.0042979538727061315
ck_3ade9eac7d7b0dbf,0.5190244165107015
ck_4859a58629622915,0.49500094723904986
ck_5fed957287ebca03,0.004593780863888026
ck_ec01ae5351500355,0.0034343070001301764
ck_703b41624ae6a5b6,0.005541106838248448
ck_97c38e7f61c27e47,0.017445065319146223
ck_db2c0908150cb2cc,0.07254022713278986
ck_64ac5e6fed86ab60,0.9417767189933015
ck_da1c853b0a061e83,0.12868358327849796
ck_9a36916b60178ded,0.9426626140617141
ck_3715bfa7fed2c675,0.015394231100874642
ck_dd3feb77d7d4f6d3,0.008747901159555885
ck_982ebb24174a4ade,0.014893181150287984
ck_f6b7a10d47dd9a1f,0.01380308501928835
ck_1f56fe99f250cdf4,0.18318773411764036
ck_deb3ac0606d6f6db,0.008754104650645392
ck_e666629e5a41b39b,0.02308569238757784
ck_756d2c13d02b3e09,0.016535293984455718
ck_7bc752ae7cf5d55f,0.023454114765529718
ck_fc0cc4b25e6a8194,0.013742645315780724
ck_9b2b0e286de78a1b,0.04719287219125368
ck_24b0803447211bf3,0.032267058117499484
ck_82eed68d05a42128,0.11653531138798483
ck_c8a03c516ed5b05c,0.10725339415915873
ck_e914974cee1bccb1,0.017295720682517418
ck_0c533ff2d0f9962a,0.03144649491482097
ck_c12805fa5d970a83,0.20928713131334964
ck_fc2cb29918631f10,0.36965499661009515
ck_c20e89afe575549b,0.005680512879185819
ck_e1ff9e31becc27ae,0.1804568601633615
ck_18116d0ac08f1996,0.9284194113028356
ck_885a83975cea5e64,0.005283437093448995
ck_a0c3059a959ba5d1,0.1350587889671257
ck_75257ca7d7da2861,0.03555762242255038
ck_2210f7a0d13bdbef,0.12890926937417357
ck_9cbd9ecf8374f65f,0.01798630995823457
ck_18f67c00ba21fbde,0.004775107365653447
ck_2d28f14d3973d8fb,0.007862697176407137
ck_8b3401b44aaae728,0.00753991791864655
ck_9d8e9ef37797d3af,0.7385354731894754
ck_9f50920c894f64e1,0.03645215570869917
ck_4737e0d56c6fa0a1,0.01672077485776609
ck_52c311f29ca3aca9,0.0021001388682036805
ck_6a4981bc721df37a,0.05560566114044868
ck_823539d936c55fc6,0.007770822468303376
ck_df5aedb4118020bf,0.9483994337659046
ck_a911a066ff0f7b56,0.06497509058104708
ck_684609767df4a14b,0.20898621258747568
ck_f2350bf355dc919e,0.025418412651651297
ck_8452b6cf97c65a5e,0.04236979120086968
ck_084cd84501012218,0.9105403910468708
ck_ace6b72e5bf3e93b,0.409390280632559
ck_2afdd69094c955c5,0.13347417118158392
ck_fa7d5be26bf7b31c,0.5341361514413975
ck_4b041217690fca2f,0.07549106167286647
ck_9fb8e3d38cdf276d,0.757276615520673
ck_c1ee56d65a42f59f,0.2130036894254557
ck_fdeaa1cd085691f0,0.040976651327968995
ck_5de33a7a87e9aa62,0.08574937566886222
ck_7476e7fe1ff45545,0.11038700382436098
ck_b0a947b498e47018,0.011765708611141408
ck_e3894ed88a7977e4,0.01751384678292234
ck_c7e07ebfb0bc15f6,0.08363856886095367
ck_3a3daa8b376f2a18,0.002309718001891414
ck_87809324c2675b0a,0.05062562537956464
ck_7eb4f33260f1dcd4,0.021448660798019034
ck_ab9f0e08af030060,0.055714701947717146
ck_5b8fc4a76f340797,0.08500298444043704
ck_0e7bf10ef49aa818,0.19199632473767048
ck_a44462a3853ac67e,0.998164308912987
ck_2d14bcd2e0fc043d,0.008257865792573675
ck_df1f2dba802296be,0.9073787527601586
ck_466a7316eaf149b1,0.08033139070363876
ck_50df50af592b0c06,0.012628571407455061
ck_5f9e34c849704b95,0.0023083171392447054
ck_7836bf6def26aa87,0.012065543989740506
ck_ba175b1bd8efaabf,0.008285123520982488
ck_1a0aac7f7b94b1be,0.4080538130187049
ck_6768c4b2aa8ce586,0.01462437035024025
ck_eefcf0ed15897898,0.015293687901534379
ck_7a6cb27e390b6ceb,0.04478538550396171
ck_5275be4e1577c1c7,0.00503469126091339
ck_6bc0e5b8c0b7d2bd,0.051890523630860115
ck_4874bdec79f9106c,0.048715905096701026
ck_a678731156ad7bd2,0.5611399551792053
ck_db906debc36a5d1e,0.1009087535036438
ck_e87897767c612942,0.04937279210018095
ck_45ed5ee496ef8a67,0.03618616738149604
ck_ae20e28f9854f3ee,0.07037322062939001
ck_9ee044b73943a90b,0.012472544765455116
ck_dab34cf6f0626c9b,0.0765489058364306
ck_64a02b7b96149810,0.008347775967401645
ck_c417d06f3e94685d,0.027258069284482482
ck_3e0149cdee4cb294,0.04720775947465637
ck_0e6046fc30f81705,0.029386814615662785
ck_c383aeabd53e9c89,0.04416404008907405
ck_2ef76f1f36e8b869,0.31907239420248634
ck_43948784650bb9ac,0.0411978372019297
ck_bdb966f43ac350ee,0.056249519748923754
ck_5bea0e0ee0b094cd,0.011681994023181813
ck_dff090f03ca5529e,0.005271332902111153
ck_a4691b57f837d88e,0.0366690340243976
ck_99ee90946395d74d,0.7155672304189322
ck_cc81dbc83a8879fd,0.01482776003484557
ck_f3dc0725621b3a35,0.010783119746504614
ck_1bb212d1288b9689,0.06548402560776191
ck_9e7278fc7679f002,0.14921832349384903
ck_3ded7a8720d7e311,0.012077311280400722
ck_798157bcdb9453e1,0.0055492928203453775
ck_9fba80f56f357fe1,0.017487555481501688
ck_f1e1c8491f16f912,0.010950592747641905
ck_7b1319a5ca2f63c6,0.9762619954970576
ck_124432fd5c92af7e,0.964042703375437
ck_148cb0c723284dc0,0.006088790551073608
ck_b56c62c950eda009,0.008606788106138834
ck_a0498755cd8d7188,0.008273766794801381
ck_5379452a9d74efae,0.003920836676624938
ck_6c2453229d608183,0.05271341389190515
ck_f9d8b4813a88c1e6,0.013139233659796318
ck_c2c7d1e45a521857,0.0732532980447495
ck_4364a83a11743888,0.00544776893995115
ck_2cdf5fd97ba75e06,0.20525180090860928
ck_71bc01291e0533a0,0.05976637678664724
ck_a725d7aed2a0bdc2,0.0064455401092980225
ck_a9b0c4dbd7db6a91,0.1589908670288275
ck_a4258806a533efa9,0.08482805591135821
ck_905e460591d9a278,0.2540443035949229
ck_20de8abfd8960ee3,0.0921770276314038
ck_252b0a0f1119b220,0.003135880236186443
ck_95e4bef65c36af1a,0.002752667214972396
ck_5ab68b434ad53fea,0.00409815241726551
ck_13677a1957078827,0.006103295346479435
ck_d251e9fa09e542dd,0.9955670997088553
ck_700cb620f300dd47,0.016844655948346367
ck_39a68c55a1bd3ace,0.31288419545257645
ck_61a59a7944d6c53e,0.424359644143952
ck_db6d1c6d31da967a,0.016968392101669158
ck_650020c500b1b50d,0.03112197568801571
ck_d812eb6930192793,0.004405999210661193
ck_92f6ebc11ebca89b,0.15006876065887356
ck_d87e26eb5bc84b01,0.010777497760044817
ck_66439e697695224c,0.007578669024500559
ck_f21efd504faa654c,0.01879921481082172
ck_15eed0f5652f0352,0.006496666273932177
ck_bcdbf57d98dc0d27,0.031233265083499762
ck_873ceb8004d3a9f7,0.18935810367843253
ck_70bef9ddd4bab005,0.01863324545829789
ck_7560f1891d66f294,0.0037680428481633578
ck_f439f16f8693883f,0.06210844521295419
ck_14f9535e53f9c7a6,0.010941790382245168
ck_5984be472d2bc267,0.46510740970258124
ck_ed01be7504dc4187,0.14539991422846507
ck_dc3d8b5c17b67ae9,0.008028690437681257
ck_9dc23031b6b494af,0.1095122697132445
ck_fbdac0221bc03f66,0.01742377420525258
ck_863708a99b92ef0d,0.09760774497812738
ck_22b52654776a1ea8,0.9343753916778832
ck_a0714f98001efa0c,0.04025347653616803
ck_9c56114f84e9a541,0.01204576515104526
ck_e155cf506b2fb699,0.025381424571767532
ck_65ed7e72f24731e7,0.02590974268861256
ck_822d6e8e43befc72,0.5830166135112157
ck_b1182471d9ac6b26,0.007117947042752303
ck_821446adc95e6da5,0.03916084842360553
ck_ff182f033134dbb8,0.09925644728655761
ck_9c5feef7647b0588,0.035553353162705255
ck_df935d8bdd44883e,0.013595868555162663
ck_01eb24c18ad11fca,0.3672117142844633
ck_00d6730134a1eb51,0.020754495207407596
ck_79ba8e85678d0224,0.02491500785532612
ck_97e3b04a1350f6e4,0.08043333008421556
ck_74e9747954a46eaa,0.025616206989035314
ck_397d5fcc9972f909,0.11635485269517482
ck_9ede89e8a43c3f53,0.12587162595062734
ck_303b33910d67f306,0.018234532121010758
ck_3c17841636f6f7dc,0.014844111497994505
ck_78730527f8ba1438,0.6031707106927527
ck_5ee32bc6bb5d1d4c,0.3223737457965923
ck_a13fee8cd925d0dc,0.04055151175062747
ck_6f847263379f2e43,0.10223385305958115
ck_9b9d9e579e7b55b2,0.08075914464384039
ck_87c1d0a79e79c84b,0.0970210205810647
ck_bfc453eabb472f91,0.005162651069620607
ck_978c21bb5fe3171e,0.13676889290638503
ck_dd882323474431d4,0.30848064234412237
ck_533c4f7400d5ab22,0.6613927822461019
ck_5f217bfe28954e75,0.9949622110739568
ck_ae96d35465b3b4bd,0.007910839578454162
ck_512ebe97c0af94dd,0.16587490431279087
ck_f558fe02bb0219b8,0.043107480958390704
ck_84092e23d5ef4d51,0.18835085549357333
ck_17d3022ca12eacd7,0.029748972940996203
ck_8a8f81bf3558fd9c,0.01181856564815553
ck_0ada6fed1864e7c4,0.07091589708469428
ck_21fe7bc59dcd78fb,0.06094829292808901
ck_e136e20c1c74fe38,0.00669897029923396
ck_e7a530e09d113dd7,0.4610135264235176
ck_7cb0c9ded4d63027,0.17602795176665398
ck_102db9615e722c9e,0.06625637706910506
ck_129e39ddfde92eeb,0.00157719030978831
ck_d730ff21bfd7769d,0.01741921496789459
ck_54459b45d2be8459,0.0021523155235945468
ck_7f1c20319eb60aa6,0.9925563677033573
ck_939fede90473e412,0.008570057646121343
ck_e0f9506a6d5f4a1a,0.00961724082213688
ck_9a4967cdf49265cd,0.26242874460932253
ck_b9eaf03453ac7d5f,0.012146666103086337
ck_522477be6376b450,0.01729194775973782
ck_9b6282e3bad50710,0.05437731327458684
ck_a0e3a2facd508e49,0.08547789534953062
ck_97ffae702f7c3d08,0.004537741614865676
ck_344a95cb7115ec67,0.008764911047267876
ck_1f2760764afa45e8,0.003937053245130259
ck_720cd658d11ea428,0.016383666197109615
ck_04e32ee9834c088d,0.28819819471829655
ck_2bb1389e5e72c8f4,0.13395438131807863
ck_961e7dbc217cfbbc,0.004895686378439483
ck_f3bce4eccfa6d6bb,0.0064153677607606515
ck_e0ccfa0d689339be,0.011341770818383192
ck_98217aeafa0bfefd,0.06522006183201809
ck_a02aeec1914c158a,0.06147551650191478
ck_20a17e8f206a14c8,0.1877043072056327
ck_114c32aad4b6183f,0.13708874988728162
ck_79f5198f0decef20,0.014049479557553502
ck_2209de229b4c71c5,0.027807355965819947
ck_6ee939b7f396975f,0.029082607317052398
ck_202f0c14b07ace01,0.04979363075134618
ck_fa24db9d416ab904,0.014258720848897077
ck_cf6aa24b92c4d33c,0.3910932934542217
ck_45f57fb8194cefc8,0.08031834060319815
ck_d5eb179dc45394c6,0.09392698649303607
ck_efb24be983342f75,0.03400660684664274
ck_245f5d62ead5ef28,0.036101402915373046
ck_15fe2a47fa7e92ea,0.008797543475390409
ck_b6527a85fd682554,0.049950785767408204
ck_11f9390a11ce9ff5,0.027451418612765156
ck_ffb4d892c5158201,0.00894028293608687
ck_d4c1da5a1427fd6a,0.18485245963626937
ck_2c041b1efb1c5063,0.021582232021858726
ck_ecc18f40b33be769,0.23623921163937475
ck_0525349f3945375b,0.0768800471064515
ck_0bfe62e0c7eab9c9,0.05548325427259946
ck_b7c37d410b1646c2,0.05089663183576546
ck_4b15b0746318cf42,0.1398011768326652
ck_e5ee006ecd8ff661,0.06465761259321544
ck_ccc83cf66365357b,0.1823200873325747
ck_34a33ffe8339f66d,0.8863508811239484
ck_4e39e3b165edab58,0.8282054594191013
ck_1a71f8081ae00190,0.9779474661931884
ck_ed8f1200fc049c40,0.9764795147032711
ck_8a5a57858e8c77f3,0.039972685926974075
ck_fff9fdc2adf5100b,0.9065274389796368
ck_c76f1bf40f3b787b,0.004057742221596499
ck_1a6ddfeef82b1b1a,0.005653681974662876
ck_478d2667aa9896d9,0.06961158413125824
ck_641c8e7694b21f3b,0.029434925365448165
ck_293581d879f6663b,0.9051604658023314
ck_1bfa8abdb22be8f0,0.026477337206413726
ck_05ab5b03d0bf9ce4,0.6485729932918821
ck_35694db37f0cde7a,0.002619910131713375
ck_fe33eb743d714c03,0.03747769634224375
ck_abd10fbcbaf2b038,0.014723608990937638
ck_46d51648c1bf80e5,0.34307304718237186
ck_5c8390017fabfaef,0.017258774990575144
ck_87d55ca333f22072,0.006129287080293781
ck_c39c6a1453e2b92c,0.0017869917043685146
ck_69ff1b0aa143a168,0.004944036310128642
ck_e57c79eaab35ded7,0.028997485218096572
ck_463ae759e2b6ad1d,0.03551103219410031
ck_0dae4a7eb587f3ba,0.038378813068440855
ck_9b12fb56529ebc4e,0.017404479159020027
ck_1af547077ba2dd03,0.34265177942565117
ck_de13de941bebc7cf,0.0074830568216717516
ck_83dde7da2bf647ac,0.0044219924973497825
ck_c80a94d4660041fe,0.14981024644666438
ck_f39cfeb277ef6528,0.00720567348287663
ck_1cec1ed1512a2d3d,0.004064827760225115
ck_7955a359b6448799,0.0035830080800620034
ck_8c0955dad13c3ca1,0.009097428299455904
ck_6d4cd2de601a2308,0.07661840041620173
ck_f4536ba8dd2d551d,0.018068045985580254
ck_b379c198d6db2d62,0.03053530248637252
ck_76ea90ebc74bcdc7,0.062467034182173156
ck_734f06bd4aa92781,0.09787707617254521
ck_677e1d0c14cbf569,0.004966876359218927
ck_259271c70f3fbcbe,0.11146732450023279
ck_c0b744eb9e7d4eb7,0.031158681755799854
ck_3d41faeb96802f68,0.004272214633712705
ck_8f604fa70fc3c8e3,0.06311174250592948
ck_0b3c3bea0e0ed339,0.014186129236240989
ck_be5df076b8a86409,0.004902913544232632
ck_6a475fe324d7d790,0.04592687843383875
ck_3ba3fa5387bacee8,0.0027713081889629777
ck_324b9939d9c1c31e,0.0038701961678131737
ck_a7fcf7b592f68ca1,0.08619855286422994
ck_5b2728f7cca414ae,0.002585164890934481
ck_5f4a25ffd0b85a47,0.04669746685008972
ck_63d4f5076fe4406e,0.007036015934145589
ck_af528d66c86f0cb8,0.01040089200006047
ck_ac7cdb9b8da7b5dd,0.03555545010116527
ck_3bece63711407e25,0.03097907732459902
ck_d4e0b2a12fcfc35e,0.0037585465338383934
ck_ee3e7c9d3a9c74b4,0.06404897514485498
ck_50d7c4dab837bf66,0.006873939062446375
ck_ebcb93a2990fc914,0.1258196174273945
ck_2329cc9702cdf7a0,0.09822318873952574
ck_db1fa53d588bf99e,0.022463133997658626
ck_44e57a0bad5a0745,0.055876037565594006
ck_472c81a144f4631b,0.005452006864485006
ck_1658429acd5306ba,0.04725064053692025
ck_466103ec5bd9444b,0.01983306044453842
ck_9757163e25262b74,0.05340633081877798
ck_34ed59bc2c9b0186,0.06122703894353051
ck_b7bd3a7f263f4f29,0.12679052790932138
ck_149662b09d632e41,0.10343618985418927
ck_a9ffd6b3957bd41e,0.026920903308714453
ck_ab80466ef615e85c,0.0027592209006406312
ck_f2c824d3473db24c,0.018509195970039773
ck_a4a01fd45936b078,0.055638241392699746
ck_8f6ce158c2902877,0.0030316649800640927
ck_5189a302cfa7cefd,0.0022335180064473365
ck_430a3d03be588201,0.008154250006484913
ck_b5f9dd00914b4db4,0.013938148008761883
ck_52dec82e9cf6135a,0.013606668404365058
ck_95e444a01e2ab4a5,0.04413180532037552
ck_e37cee7b123692af,0.04102174264483782
ck_d68d42858a55adff,0.1815234863033945
ck_3abfc010091d679d,0.08170562500130388
ck_cee4e4e1b62bf82f,0.13760862558633044
ck_9ccb17c35e636c5e,0.014125657062812224
ck_f72a5a3b0d6c1177,0.003740279891922991
ck_7508aa554fae6afb,0.2979472461489229
ck_003aa842b7ca1d77,0.8090719580381711
ck_83b2b192f41ee2bc,0.21250879695232924
ck_64796b6b2c3c7f06,0.08286934740987643
ck_6438ae81d43cb196,0.05076426640061653
ck_2bd73d9098504760,0.1315120278369907
ck_aa8b9b36a099e4c8,0.06572645640360947
ck_e5ece47d0dd10526,0.08400875738364315
ck_16077ac345472e6a,0.0022540485256875055
ck_a4d6e152b0076964,0.015838018865212265
ck_d90b1d03ae151f62,0.05255960863602255
ck_18b36d342b530af4,0.07598253120336515
ck_2a01e610348b84f8,0.04940664933081546
ck_0a93ed76bf36c8b6,0.039828024259378814
ck_3d56b477fe2370b6,0.03246705335751465
ck_17ab3068fa303682,0.005697898908690047
ck_592a3520d841d11b,0.053895480344581304
ck_84d07028b5fca2f6,0.05482266453828676
ck_f4a2bb10afa85743,0.00808725365523801
ck_4fe4b072f03f2c1e,0.0034786430799241576
ck_9ad08fcc183ea1e7,0.009245193401636872
ck_130d3848b9dcdb05,0.02277033381236509
ck_bb399ed6bf28c230,0.12070330325295964
ck_a31a64a39a2c4941,0.012911242300361786
ck_c49f25dfb39909cf,0.32341352815060015
ck_55f50a9ae2db8ff7,0.0061866139511873135
ck_09faa4e771cf876b,0.057572113391324134
ck_df520a7a6e405889,0.015609940387767543
ck_8c8c98cc694ac900,0.037392923651474175
ck_7f0c4f609673ef62,0.012934559562677226
ck_f51fe59cd445d2cb,0.027548398449897173
ck_b3fb83f0d772a831,0.08607253401560472
ck_d6e7e257751c299b,0.0096779147425059
ck_0d362ddb4a1cb6d4,0.0382791325917307
ck_a574a08edaf81781,0.008537429781327351
ck_a823f5bcb0e4b9df,0.002618487373372206
ck_f792586ad0381eac,0.019053300779237715
ck_54bfd70022c66983,0.016666403537183322
ck_fe0a9372c9372de9,0.02311352072555059
ck_5691cd6fdb6d8147,0.047549385911299605
ck_a95f212a02433d23,0.004062018551312467
ck_f5adad75e1c06731,0.15900734759210833
ck_e09c97520eb0533c,0.12201403025336348
ck_a1e13c0d58560340,0.003383917410713468
ck_cacc2ca410cbe80b,0.030978334694439908
ck_c0dde2a6ef1e08c5,0.0032739233457928776
ck_a04403073c90ce38,0.0018574641731641463
ck_03d3026107175dae,0.07821162864567976
ck_50176dae5b1b716d,0.013022042877322393
ck_6c084bfcb38e96c3,0.06580949795942422
ck_36d2be9012f7909e,0.07241468485677481
ck_958acf84c6137a22,0.02504133338482453
ck_114722e12db90a73,0.006275566677347613
ck_203c2a22c0c165ac,0.07667135112394835
ck_2c44ca550e5cfa82,0.022879461265049396
ck_df0a8f20ab8f14f4,0.025092222952614023
ck_826a27ff7555192e,0.019384678637454432
ck_09a988ebcf062297,0.16656971879241217
ck_5c82444b3b9160ae,0.04293825383347137
ck_f6a4a7ed27fe76fc,0.08286858952948621
ck_17de46314b5c6a92,0.011507679419627364
ck_335e63101b1e6c4c,0.24459947472248736
ck_c5eefc0697451de9,0.14789089457145854
ck_49a0efb5d4067b6f,0.39809138732394467
ck_c1f4509c8f5dac5c,0.027428737471026605
ck_57658eda1c59bc52,0.0024223234744625917
ck_0d5c0736ec76385a,0.009487350736677641
ck_e0239e6ae30795a7,0.01907171126762347
ck_e4459115cd8e5e4f,0.03249889880580299
ck_bb4aec09d4968dda,0.1756590207664364
ck_a1b4c96faed3e0db,0.05163653169800066
ck_8247b79ac67aae7d,0.026847531108584698
ck_fe2fc7d6e5d83f09,0.0042502258321588104
ck_f6aea576cde8d592,0.002779937786497529
ck_b7e7f7d0cd886412,0.07870386745841162
ck_ca7b993e8286af7f,0.004041053128830215
ck_47de038381a9cd65,0.03865906498352903
ck_d38f941d09eec820,0.03988644922450211
ck_d9ba2a6c0d926b4d,0.012014706464156031
ck_cda72f597330d0f3,0.007876218271142812
ck_16d2d27fadeeacf7,0.003145717636004812
ck_be05447853d423a9,0.0049003941241327785
ck_cd92852d7376a4a8,0.008899530920526066
ck_2faf7ecccc9fec58,0.0025723759403326507
ck_db8733fd92f20cd7,0.0075654207429935675
ck_a9989a3a94c26634,0.0347912943393989
ck_957fb25437c75e41,0.18014832421122956
ck_e6a6caf6e7de17c2,0.013837181777496205
ck_f7bc569b37e8bdda,0.021522056036121142
ck_703b375dd86a6124,0.04082500636956978
ck_d3cfb3603f2c6ca3,0.14128445635645445
ck_07cb2b6f2a4303e1,0.07807666820695937
ck_31631e2028d4f855,0.02913050427899714
ck_1631bab0ba1256db,0.02877264820726639
ck_5fdafeaec036f016,0.037908563883695366
ck_6eda4c36aecad602,0.00872724542641532
ck_bd1bf9e3e29de281,0.1846199658500865
ck_bf378ea558a4125f,0.8053277528441269
ck_7aa2deeda0e57412,0.9986250488124858
ck_d229cf7f5a3f38ca,0.025124445192973723
ck_9e109edd124492a5,0.014976865177650593
ck_779491819995625d,0.34172935774788016
ck_b89c6fa2ad0a12f5,0.049258845217178895
ck_1d01b4a609918c4e,0.9572872576110492
ck_714c5d7cb17bc9f2,0.03566176417708479
ck_269f1746f2609ed4,0.008192245869910566
ck_4be03a2aa62b93c7,0.0021649704302175326
ck_cf920313f6dd28fa,0.026509800049931427
ck_fb00aae4e17740c5,0.01337775535203954
ck_085d8c42739e2b10,0.9950209699198629
ck_c72a7d0d03cf3e17,0.2701004839487901
ck_8f6ca5d3b17eac6e,0.004239677715436391
ck_d9573100bbff4014,0.5949556655050765
ck_79d6793d1d0cf43c,0.0026272882488775047
ck_91fa5032f7aff0f1,0.17007957601606652
ck_87110d84872c0fed,0.05166408062961484
ck_8220da627e9992a5,0.006022881917216682
ck_2ae44938847f3852,0.006652214448626197
ck_b0f191e44f9b6f35,0.13119550869239074
ck_3049d744b527f4d0,0.03131157552870015
ck_47d3e8d1dd3fbcef,0.03571200030222371
ck_ddf787359d2b5deb,0.005701502482694631
ck_b27a9e39726b26d9,0.014921581796254904
ck_80c4e9274cf976b6,0.9637553202927702
ck_c6afa913168ce8fa,0.034792595316593254
ck_52427b3f8478db19,0.04440212236957742
ck_3b810f15ca0eaa55,0.012249772883015658
ck_0c9e420f97baaa06,0.979494666754673
ck_f8540cf3a8b2f8c9,0.11581713204367325
ck_1402d24dd623df72,0.008240204046742472
ck_eb4f4267e24d042c,0.023141817124680157
ck_6f661b428d6fb8e4,0.057369146288580655
ck_519a26ecf3d29c90,0.021018897066202746
ck_e886ba71d4a6fd73,0.024700774331797827
ck_437f9ecd2016a1a8,0.09529185264780189
ck_f01af1b0c977cc06,0.013303813791603222
ck_614f777c2eb5d537,0.03126816320396135
ck_b804e784cde9af8b,0.009209151219016892
ck_c2dccbc1b24b137b,0.38697548911227486
ck_1df4a1781a0f6999,0.054760181476013296
ck_bd2cdd53fca26171,0.02103388312305748
ck_424c254249a109f0,0.022394593003692252
ck_cf2ca4f286e289ba,0.08210380665838772
ck_6c33cb15b0d8af54,0.027076059911373386
ck_311d395fa9b8550a,0.005330357186557387
ck_9f792e7e721ff7f1,0.021130254125596624
ck_4c37586080edb7fd,0.002918462095624704
ck_7c4f42c5397113b0,0.009955700345274753
ck_fc418f53ce4aa579,0.9861639514453866
ck_1ba28fb7ef726ce2,0.0451627178179748
ck_d932f98bf6b83956,0.15522747738978962
ck_248b3659a9239240,0.036807006652618955
ck_6a92cf5f4cf5de38,0.024777226050252815
ck_65519d0fb137e0c5,0.018652162074579027
ck_ddc3fc99eaba2064,0.05610172000527841
ck_7310cda3bc65a73f,0.015571747646810657
ck_c01c85bd631d4054,0.01150674396345076
ck_b4954d16b9749829,0.13890676347764536
ck_f301f6758e170d66,0.02854278374938538
ck_9bf95f8c47e7c7b4,0.019250085545863892
ck_c91b7fccf6aeb4a5,0.09230645148304967
ck_785fa45e86bc5e95,0.031215940783940875
ck_2a65f1cc23f1180e,0.003088782401058906
ck_a49a2c1f881a3560,0.005995298490657161
ck_def344d68f06d749,0.04720472612519715
ck_abbd1465fc730d78,0.016980240823787074
ck_07a5610ed28162fb,0.09400832635534206
ck_7ecdee2d7127be8b,0.030480024966323953
ck_67858bc00e81490d,0.004962846229431576
ck_b4ad165ace910222,0.019058195664412074
ck_30753ffe481a1b8c,0.616156767810303
ck_c401a26725b17177,0.0024187288187600352
ck_819988d8a7f26415,0.039507978489275786
ck_3364a1d9261b3638,0.03204790846148852
ck_c484c5bda389bf20,0.002393547388374571
ck_ae416325fef92c9d,0.9858206093332231
ck_5517b9a865960542,0.017508246669861324
ck_a0e96fed380440b2,0.01317517531060636
ck_e83409471d2b0b44,0.05395034301537752
ck_127273af97d7827d,0.00910017404125266
ck_aaa9861c91bd14dd,0.022917819150346082
ck_a378c58294001a36,0.9659728338886402
ck_abb9d65ff1f95b64,0.00673796238339664
ck_a5ecbefa849ae569,0.03937276566947671
ck_aa9953c0ca2bed7b,0.009844022562153176
ck_40bc6de252865f32,0.009149659908959573
ck_9fb11688dcfe1513,0.02336903367560227
ck_ba68841ca2ba073d,0.04896708280211334
ck_1d3e561a7d20be0a,0.9773070621051388
ck_99a92d710a29c1d0,0.07111426239576762
ck_ede2e887697ffac0,0.007088260366289858
ck_e6de67c0d82a7b83,0.015092792725157757
ck_6b38763bf5ddbcef,0.027919693855005527
ck_8dd44eead7d765a5,0.05140573526573481
ck_30bf5b0056eea9e9,0.44703102215555524
ck_2981d16f8a51a8ed,0.09185108719464545
ck_fc60f42c68c7024f,0.12759570213139873
ck_8e2b2251ee224aa4,0.027651636681354744
ck_1906f0dfaf6e9bad,0.6991648952179672
ck_dcbe6814fc4ca0b4,0.10440654036218933
ck_f7e958a286ae3b57,0.015781678270114813
ck_713649668a7ca824,0.015361148755280005
ck_6f73cdbf9305e2ea,0.027069579085224324
ck_dd1c490050cd9051,0.15359966629063357
ck_e30db36e376606f7,0.24019307709524076
ck_740d8fe8028b5a2e,0.008274251659530005
ck_ebbc9418cd41f692,0.002569107270233962
ck_7b3cc6cc3f250f39,0.10177617924089877
ck_1d30eef7110809e5,0.5626613928557717
ck_77e0589ab339ca66,0.024561642569664265
ck_15ccbf8ff7d14086,0.09248352949616448
ck_246989b0c288664f,0.037025373167913656
ck_fc2a6e27b10b10e9,0.005952053640970164
ck_8afc1112c12f5402,0.03171157791953873
ck_a76e8d83b9141364,0.06788776504744663
ck_51d3e8dd7465c015,0.014322419409317317
ck_e7b4016909405981,0.0020946150971626913
ck_e7a3cfb9bf908e80,0.0695801472433712
ck_2bb49dc2388cdc1e,0.02005566403859048
ck_94f4266ee7871345,0.006514006546068574
ck_b2c896beec146477,0.039232768206808585
ck_fcf5d4a4748cdd53,0.008326224196378174
ck_fd0483639811f62e,0.44700274039093796
ck_9a21d183524734aa,0.23545509375487397
ck_1df4b46c0a4c317d,0.08672229616827523
ck_638df9e8a22dfe0b,0.12311224746524012
ck_65acc43a6dc3e65d,0.025003308645932087
ck_7c67b73196e3d0d9,0.04462720856397594
ck_b0ee3a98175b462d,0.0024742632437446703
ck_20fad010969f1abf,0.00739681244466272
ck_54b087bd873af8b8,0.014670175939800602
ck_8007824431fa803b,0.01704765615855917
ck_23aab322810b9fec,0.04109980166001426
ck_c8001bdb9aafc8a6,0.021957260581534892
ck_3a34c3ac83cf84b3,0.07784287720059362
ck_60187ac2c473a662,0.9621079568704589
ck_6a0ccd7357979f0f,0.15356172863180909
ck_27f20337bef5ffe0,0.06831357587096598
ck_f9fc468915afe49c,0.1283208098024039
ck_1eabc15a94bd9009,0.04946146159443887
ck_26896c494b2768ef,0.05049157331924997
ck_348c874eaf0354f4,0.08175430025524734
ck_be9c46acd216b45d,0.047175789853068105
ck_a3cce46d15cc20a2,0.18555706046869466
ck_70804f60d9704128,0.13192283500927196
ck_a019151ca8e7527a,0.06556708386083325
ck_571133b2aa8ead51,0.05269526838809754
ck_0afa4449f20d5196,0.023006009666388338
ck_4d503c41cf4e5034,0.031091134643198362
ck_d6fb9cc5171e3e9b,0.8761389093262862
ck_05ed92a7c3e10e5d,0.0399056234104377
ck_bfb067986660afe3,0.08586352109418503
ck_c1a31690c8573226,0.008552358091170324
ck_cb88ef3dc1f42225,0.002450753799177049
ck_21e3b3bd998745e5,0.08548764996940159
ck_cf52e46fa54e4540,0.004103841837016034
ck_b72c7ac4208052ab,0.0341030509173004
ck_e6465c56b337e6c2,0.03300820276913425
ck_5f87eb05d18186c0,0.035930955250966914
ck_263f6c5ff26b5e98,0.017926541258520386
ck_e0b7e2c0bbe228d9,0.0036721085180644922
ck_b657ae3c146cb7bd,0.003124235526329564
ck_abac514d8167ea58,0.06459582545907018
ck_024dcab126876002,0.05379382368124661
ck_5d8481e2b38bd99d,0.03444586358026305
ck_edf229c17d25dac1,0.29611490331579665
ck_6cb7c97b72d6b5d3,0.030849633083382903
ck_c96ae2c28086a059,0.08968396747295194
ck_2f241b97c0f8389e,0.07791524326192936
ck_9158bdbb63ee8987,0.03842475475248281
ck_e7b40b60786c1530,0.014019323225237783
ck_66d38518f68e6194,0.003947591672687945
ck_8c9b57ad2a991416,0.011769830100735007
ck_cc91bd7152d3e9ba,0.015997914075534667
ck_0d846660c7957a88,0.01645374679631996
ck_60896cdac2212bea,0.2302944277325596
ck_dc4db8b932df49de,0.15363697926896788
ck_2dc31db181150e20,0.008669809916159813
ck_2f138fce1171e277,0.024000007408607832
ck_68b8b859a6ef505b,0.0562940003630872
ck_c3fe0c6c5e1f40f6,0.028178542881900366
ck_15886fe84866de92,0.04066729969496624
ck_ea269b35406473e8,0.0069555810902649905
ck_3ce7cad1f69b71d6,0.01862181800700681
ck_054ed4288ee58d6e,0.13858716605345558
ck_3d4913a86f207fee,0.05578917193471746
ck_23ff85f9d2355e8d,0.027702004542708505
ck_d87ab3261322216a,0.0018020488503442552
ck_fac046ce336fe39d,0.006280527105458123
ck_beb97e498e6cf8e8,0.15629733851461636
ck_1f517e0ebf397b51,0.008327810985788895
ck_0af57ebaa45877a1,0.013035019992049642
ck_f99bc1732ce5e999,0.07896482707028615
ck_abb056a9deab275a,0.10759574966017606
ck_0bfc394c5faa65cb,0.13696897723329138
ck_ddc865af1dd5670e,0.030804328406285907
ck_68b5542459638b56,0.06749245551730572
ck_0b1d84252c0b46c2,0.008776903515689756
ck_520ec32c4f253604,0.06119054490883405
ck_79ffcfee599d77c7,0.025913675471072893
ck_eb224c0fd146253f,0.09183851073904167
ck_0e477084434da450,0.07256601224025626
ck_07840bba5570785b,0.023645708887510213
ck_6b67fe8e310ab865,0.03469068120693791
ck_e2a1068c2fa22525,0.07007084153828251
ck_b9c6b32f6bd92a3c,0.022800203582368624
ck_c1e7d1021ae58f00,0.0030300284815209166
ck_5d7801201749ffde,0.04468883064025449
ck_c8806749e263f70b,0.0015602178059692727
ck_c9eeab826781dc91,0.03770115573599847
ck_309a432c160a17b3,0.028408239008934726
ck_b22e3337b8e3dbb2,0.007976893183587214
ck_79c30169c71b8033,0.894656749787708
ck_5a6593d954085775,0.0055609951065698745
ck_70b9b79ea1aacba8,0.04869954619311064
ck_63743141ffa11f45,0.039232847056801155
ck_dfd3dbd0d97a642b,0.01136322365573717
ck_635646a661f05b4a,0.025706728429722145
ck_4b123d6931b6d0d7,0.6007822223915091
ck_f2b0e7a47f442557,0.8907724171479019
ck_1b1df006b81d38ba,0.039283773098505906
ck_360237c1bd30f4bd,0.0020562854273823913
ck_5e84bca0e362da20,0.06255754024705554
ck_142dba210ed2f3b5,0.1658983673141441
ck_a3564236069e3524,0.44913950020326576
ck_cf36d8b070ded782,0.01945031895395551
ck_ddd6625c5eddad70,0.004457757532965559
ck_ad54292a0b2f44ef,0.05479826719545995
ck_45cd5ef6b359e9b4,0.010402542063148943
ck_982c2392238b7be3,0.6403850492336125
ck_083e4ac78685c3bb,0.03236431542019191
ck_729cc0b46cc2e546,0.3557462827696125
ck_f2b8995fe5402759,0.0052653363909903285
ck_73e24f5a8da289b3,0.2733160092882113
ck_bd85f30c36f5998d,0.05394254767970642
ck_ee4ff3aeadf912c1,0.014373058814168685
ck_63d2978706e193d2,0.02314264309780314
ck_6a0684436a1e66c3,0.776354896765539
ck_182dc4a2f5a366da,0.0037256128114368943
ck_e6fecb82fc2a82de,0.008951271304205059
ck_cfb06f07394dfe64,0.0028482724871615375
ck_7bbe1dc8add17ef0,0.04439961351823262
ck_5cacad76e02c8e3d,0.9150734958238935
ck_ca68dec0c7df5a12,0.023467131276510345
ck_e4c0fc52c82065d3,0.03005810738584449
ck_f9197b070416f443,0.013416542057672771
ck_2a07c7021b71cf65,0.06896198737448335
ck_4fa85cebf707de2c,0.007149633598100426
ck_0063d2a9507467e5,0.01198444060989694
ck_ec986285fff05b7d,0.016835190036902044
ck_279d43303708109b,0.03310037431289477
ck_a406bf11e48cf8c5,0.1823643217459808
ck_064b2aa3f0bfdb6e,0.024809907499421434
ck_95790440bc4bd2d0,0.030440925763367942
ck_70066eea13b4c34f,0.010374903602868146
ck_19468fe07e26f992,0.989257128294386
ck_86bfe328e0a533b9,0.7227030688696208
ck_ace3b96c977a7560,0.35688459688657376
ck_642344e5c652d8df,0.21866933923361517
ck_074be35c951ae10a,0.03289260538830777
ck_f14dce41036486a3,0.9893401221153612
ck_5cf67a3a747e684d,0.26335229841173413
ck_f7285b92648c1c81,0.009963006697750144
ck_bef3193f124fca5c,0.2879992650348937
ck_05c4dcbb45de1f8d,0.01576560750405876
ck_d7c28eaa05bb7144,0.013894854206556293
ck_320df984791a1b99,0.0022216767977887553
ck_f45bad1606fa00a7,0.017737961006854923
ck_6f81c199e986d9fc,0.006875245968143714
ck_d0c9633fed57c344,0.03365794972197947
ck_a3c25d6cc7478068,0.06425694491533669
ck_4185506d12cf9fa0,0.0021934590064389774
ck_7a02ee1bfba7353b,0.022455519845587336
ck_1b52590757c0fbeb,0.04194045113439244
ck_a0e5656e1cf9cbf5,0.008354996955695113
ck_ace21f6daef94f6e,0.015601499855494782
ck_646d8d0834782d6a,0.17111242401221805
ck_1f136a4476b5e775,0.03740195182465171
ck_325c7643cce02da3,0.13610949714044707
ck_9b5e7fe28208f5d1,0.014945251231350654
ck_05d81b1a150f31c5,0.002031894194062624
ck_0e9ec486bff403c5,0.04048784395804319
ck_ee13c091bc379188,0.020625706663125264
ck_f7a7f8f5903617c5,0.021797491360317476
ck_96c3a3517153390e,0.04371811129703602
ck_538dad7f096458ad,0.01430304819273832
ck_8758fc6622bbb7df,0.04664176841198039
ck_f7e53af3c91fec64,0.15599600040546313
ck_80b50fad7f255e1d,0.018420086034851638
ck_9645e7adc08631b5,0.14023751813807603
ck_e007aedbf37d6ec7,0.038015488677133134
ck_2951d76c41de2569,0.11848513585278007
ck_9439bff87e616d4a,0.03246857443541886
ck_a73045e96af0e4fe,0.044880837502673306
ck_7b382e533e2e925a,0.09863566945257586
ck_730226c2d216cacc,0.013474289962128409
ck_bdf837d761a7cec2,0.1965082205854092
ck_0b34197335ba3341,0.020357529377007227
ck_49170c4b31a20f5c,0.0017126946781226675
ck_cd553ba6589d8bfd,0.04376444825048309
ck_56b992c6f136fa5e,0.09875648357694351
ck_8beae3d7328fa41a,0.09704940088003632
ck_1a065ea906ae3d6a,0.008443237942590337
ck_e9e3381d5e0e5051,0.008592814885790324
ck_a6d4f998dadc90c2,0.5567680205878182
ck_d36733da917115a6,0.05669220003212178
ck_e738e920bbd74a7d,0.020090595209560688
ck_af65eb885a51048d,0.004449230759339499
ck_73f4eb09af29b1c0,0.05906137904576801
ck_8fc641b1750a2542,0.147596251363363
ck_41b954c7a948c060,0.006295011139087227
ck_25fc3010e8a0f6d7,0.023635940368779116
ck_a2624e0387974e0e,0.1933444578820571
ck_5cb9d7b2329d5ab6,0.07030215322693613
ck_6c83aa1d100a7cd8,0.30111756017118363
ck_67025c64588abd1e,0.008914820841069083
ck_f5dde68f6f0468e1,0.006987456547143984
ck_46bfb2cfc29a6d2e,0.022146754494103863
ck_49dddb894d33f6db,0.04531809022025618
ck_f738b633b8862d18,0.001334955836390107
ck_3d6c3c00d854f5a4,0.3704313810591555
ck_cdb8061d8d1a6c5f,0.010928933536220448
ck_5e1b81848718bdc3,0.04008859008725423
ck_8def763034187436,0.07154640587225058
ck_8f8e4fb9c6190272,0.023371298496572636
ck_368b968b5f33431e,0.013114684800122393
ck_ba7e347251ea399b,0.0806212358861845
ck_9075432001a64e75,0.01163451569420147
ck_73c5371635aca173,0.906413719662556
ck_81793387b38047cc,0.015964222074796777
ck_0cf220816e320ac5,0.006565032669308252
ck_820219bb9c761b52,0.564365093887144
ck_70a932ab39d86a24,0.006290435648700982
ck_2c4be237a7ed79c7,0.006253194618610007
ck_acc764b49ef02826,0.5056574027921145
ck_74c3c3452e4e7cce,0.006060761444484704
ck_34dfb57e5bf31d2f,0.04727486212875525
ck_6ec39903f765956d,0.055030890441344356
ck_5986119e7d81e831,0.04467355938760257
ck_2ddfc948b8eac752,0.5440343560539249
ck_921ff5ceaf40a968,0.032832488009123084
ck_fb3b68b4424b5f92,0.19814275362457906
ck_c3db1b3ad4f16679,0.005881771778079984
ck_124a197be41687f5,0.0527230030256041
ck_c58d9151834f5bad,0.03924211110184558
ck_389607982eb6b701,0.6736334469437737
ck_fb0c138c003e933a,0.001784694819868616
ck_50d0bb7edd8c69c0,0.12528212519935192
ck_c6cb651149dc9a8a,0.015176999915881523
ck_81e21354e477eceb,0.07614586449400601
ck_7696e38b3e4197b0,0.029928484306891986
ck_586001d3ed9e7fbc,0.009154497769071679
ck_bba413492dc46f2a,0.061662599480395264
ck_95b894380ad2702a,0.09511148850520906
ck_277621473369614f,0.992309197732111
ck_a50621b5eeca84b4,0.004143691866298824
ck_bfa7ba218b988cde,0.25460008654531524
ck_5ea89567dfe78e4b,0.02035380091735428
ck_6c679602a6476ab2,0.008740676716971124
ck_d3885e286b3b11d2,0.06639445810257719
ck_cdcf6671b37c9c92,0.044567208459473234
ck_b5c93e6d34f8d366,0.0025076492922985554
ck_c24f61925dc158d5,0.13590245133913464
ck_cd09375e6c81d2c4,0.09332944539463058
ck_a95afc7a00303a26,0.022801196683770147
ck_8e89ca8b39f3f8ad,0.007390870807451357
ck_9a84b396aada3fa8,0.37851580007423946
ck_5124a2e415384945,0.13084648944366897
ck_d66bb1f063357f99,0.017811228263443574
ck_0fd9312411b0ac55,0.045362580558331256
ck_ad8cbe6e27e47ede,0.10110828309201342
ck_8398adeaf41f9cae,0.03278154701315011
ck_dcf851e7bb5855d0,0.0054885866978639265
ck_9affb0f26776b642,0.02014502996792851
ck_f0424b3b36bdbef0,0.10454035454653149
ck_66746d1090d6d9e9,0.009114000277514514
ck_e5f8c8a5824db594,0.06379451353595016
ck_3e91dcc209431984,0.04802867584072171
ck_126a82e8d42e5ce6,0.008072359731672533
ck_38e4a74ab256e2eb,0.01950543252123959
ck_1225a97fc413a419,0.20571552782552446
ck_9b5ec0f78e160e65,0.007154350578530958
ck_7c5529bcc079600b,0.029231660295895474
ck_29640fc2fe81c251,0.037009039565950634
ck_160e9ba0a3f7c1fd,0.011329171593061906
ck_bff090cb4ab76b9f,0.01327936917807344
ck_aa06ed358e43db69,0.14665834434248368
ck_7264486eb512d84a,0.017041231883364268
ck_f5a32e6160b28379,0.1010388979618329
ck_4ba8bec14c2217e1,0.02303297465994239
ck_610815786d729d2f,0.04085922224756877
ck_e267999226b6321b,0.0015802854875506572
ck_f3996a3c8eea1ea0,0.016597321528841042
ck_e9b75ed7567a3f23,0.042059436296626666
ck_d21612d48bb4f7b8,0.01821392060904376
ck_1f871df76c6a995b,0.03307891140521522
ck_953bd5de48ccd70f,0.9132026407520274
ck_02a9104419a6dbaf,0.03448676396850359
ck_1eeeee651e05d535,0.06058614314133121
ck_e2ab04136a442a98,0.04782696005828062
ck_f0d806624ef3d359,0.03743969622258158
ck_4b68b38c1b3326a3,0.03140514009608158
ck_74e60495f8861156,0.07507674430876415
ck_398f3f4cf05c721b,0.012389177636650697
ck_f761b7650a0c1a85,0.04025464835086105
ck_7dadef33f5e2d94f,0.9956200327342737
ck_6ff6883633b8c7ba,0.0030245764669788533
ck_4d2159603045109e,0.015676701493706344
ck_a38bd07a5fac5c9a,0.013979462767600096
ck_f517f06551e69507,0.01080486790891699
ck_a7ea00a1760ad561,0.9888395718569482
ck_31fc51d5a3dfe16a,0.05888757875961175
ck_bac5233623b25ca4,0.04756465886037774
ck_385188ab27784fe3,0.10426935941642106
ck_9947a323bab5cacd,0.2416335111815477
ck_7973edc9f22ee7b6,0.07138954708228634
ck_f97c477986043755,0.014305523169663792
ck_1a3fd2cc4b4de196,0.01515075002130106
ck_e18ac29ea62cb435,0.16775786738721712
ck_9720a472a3e0140c,0.0106760795186862
ck_668c7fc7d7e47c0e,0.2277748588409636
ck_214af0806470ef48,0.045203552300312144
ck_a46c1773f01f0be7,0.19275920253829532
ck_f2bdcfb4203ffdee,0.08172917277189971
ck_40e84e6ffe788a4c,0.07820696224609625
ck_dfc6f5712d8d6678,0.11422811715085109
ck_01ef1036b2e66a4b,0.028722904094554098
ck_3acfec10eec32f9c,0.06547264540437658
ck_084a85145c15ed77,0.06023651249993985
ck_fcdb4fe2f095fba1,0.24364902142458558
ck_023908db0a193076,0.2974872863210632
ck_fec0ff92fd622253,0.05218174656586697
ck_c009c97d5fafbced,0.5460916302709388
ck_eb9f0c06ee017ee5,0.026922546914647655
ck_d7792b429620fc24,0.010367621834957848
ck_5e9e149a3b69c726,0.17994515638196037
ck_ce927322ef8f651c,0.025115029524676615
ck_b8fd61a8e82bce32,0.9763911040068254
ck_9aafc33fba1474cb,0.003182604866660051
ck_ce81ff9b8b35562f,0.015934950703125707
ck_25bfca1d8eaa152d,0.00597981486719517
ck_170c65860e2a7e23,0.02329808524208059
ck_952da7ca9f33decb,0.12849450752097377
ck_1ebd574406235957,0.026115523535867304
ck_589109a188adc2c1,0.01798773475939896
ck_f0cbd5383bb07778,0.154600399381987
ck_242521e261148fba,0.005821111121616146
ck_509cece86a558de4,0.021237431452839923
ck_0dd7c5925d28755c,0.01736233334049773
ck_a7e669cf1c3985aa,0.012265883798860193
ck_acb84dc2351eeb76,0.006530995490215446
ck_b837c7dac2a9b931,0.15391843051319423
ck_18eb1f9181f95df4,0.009475453408778018
ck_b0b9047dddb1ec84,0.4287763029747822
ck_43aa136bdb0a2832,0.4589997946587531
ck_3e47f8c56c811700,0.016462200342503865
ck_77c587d24695ea15,0.05501381659364715
ck_20578ac693ea4e93,0.054403987545080475
ck_b9f6040eebd1605f,0.19378660892385993
ck_ca9d86f65cfdf018,0.02260002227435958
ck_a4fa8833995c716a,0.014631246152526688
ck_f589f1e29301b5fd,0.03174878261154951
ck_961ddb8ff55d868e,0.0034533449533118723
ck_5662492a54e6688b,0.030372249653342315
ck_ad48826c1c26eb78,0.2577528481825127
ck_621c9ddde6bf2eca,0.07790528015575159
ck_417a3500b2c717b3,0.14885875735412146
ck_c7e129058beb3ac1,0.013519686847962738
ck_ec1c902b9b9b9c5f,0.46448025415856015
ck_317360ec0a67d27e,0.13584083583107429
ck_3e3ea5d8c4a229dc,0.27833536592301217
ck_d11d27de7bf0b973,0.3764671368639899
ck_d37d56e931105db0,0.03396655132594293
ck_4863077723cd6ce1,0.007303083111060428
ck_479a065d5903e9c3,0.0038342615252252555
ck_e66ae4fd586fedea,0.06333520575603124
ck_192bbfd0d5720134,0.004457681067851629
ck_3b436cb29af99f3d,0.0873307807606349
ck_7c7ca54969eed187,0.09892121580612587
ck_826ee896c9f1144d,0.26621694308890415
ck_ba1f6dd43fc8a0b1,0.0197043651196961
ck_49685deb63e4e8f8,0.03685220885682806
ck_687ab5d5554bfa79,0.042672901366416105
ck_41346ccd9242cc8f,0.004268602542799207
ck_8f8e5e2b9dfec3d1,0.07750283707329536
ck_94d5ce61a0c50465,0.02058633485795847
ck_6b954c75aad8c012,0.07272878573590831
ck_748af92828c9d288,0.009815480220681233
ck_dddd14091ce812c2,0.036832804480652216
ck_723323f6870fab59,0.09640179620164044
ck_dbdf8d0708cc6718,0.008968070628639864
ck_f04938570a154de3,0.007548096306771021
ck_58afa1550b3b5294,0.043927320793423506
ck_3b150afde386ecff,0.03130108563134726
ck_666b95e75d99ec4e,0.8893791824389568
ck_e00332597cf1eb24,0.02877295236471825
ck_9a9e3dac79280d7f,0.2471922103074517
ck_e8d37262e859d9a1,0.019175764420866652
ck_895bb39d24bc1c4c,0.004285981490711249
ck_b367449195e36499,0.036567106049812254
ck_d23f9a50d1135ce1,0.3367845700613748
ck_670dc4910cf476c2,0.0032912216538291995
ck_3ecd8a5ce65e21ca,0.006854114647393046
ck_8584fea2df4c6317,0.1095122697132445
ck_0789ff4562202b20,0.035009443117369844
ck_749e0e50c3907be8,0.016534495820740097
ck_c3ff6790cc6d7e34,0.006722394730437486
ck_75fb7e56432ee4b2,0.015814454819104547
ck_529fc3170fd11abd,0.2337011471844991
ck_34a69b3b4a681796,0.2595503853089212
ck_255f0e5888ae9e23,0.032473205515122415
ck_65be698386474170,0.00691990629619259
ck_5eec9ed855c26000,0.004675892741918373
ck_5ab39bdc9610f6f3,0.4856634404161512
ck_1b5b75762f033462,0.06517352755376002
ck_d3e208671cf37f91,0.9239791752177059
ck_5068ee554ceff971,0.06690154101313528
ck_d7d50fb57fcb2d0e,0.001803556391842265
ck_ba6e1115fceaa067,0.09925925642677873
ck_d07bfb16a4a7dac0,0.9647217174443345
ck_ead68310311690c8,0.8923952227317873
ck_ee53ce862bc9c111,0.037261539499091174
ck_97e56e6037024dff,0.003837880704860754
ck_80b04344c98ec072,0.129585185248522
ck_5954f45a2ab45f43,0.031129616349324176
ck_18ddf7e836256e3b,0.028610956482266595
ck_89a1a780144d808b,0.03667457883270379
ck_a7331e8b808c39aa,0.24574024732543726
ck_a1fd0ad03ff9b776,0.024699129598168952
ck_c0cf50eef030b401,0.0027201913827978185
ck_074f20921189e7d6,0.009422505282302224
ck_e2aa7be60794593d,0.29792112770701434
ck_72771757dfb7f7a8,0.08854517026380516
ck_a9cd84a6dddfe584,0.03120933237927805
ck_142c00f9f8557504,0.06421668066550787
ck_221b5d40358230f4,0.03234138847991403
ck_a2d7a563f520b7ea,0.028535184332477474
ck_66cd34bc568d95e0,0.0885359695791883
ck_a17128972d3e507d,0.0161451259708331
ck_bda299466bb2136e,0.04745616260496274
ck_2b699066665abe8a,0.015485475593197842
ck_0ac9848bd4ba0c14,0.006953009891511792
ck_98d2f9a6ba3a3077,0.8724485828553212
ck_a872df31b28a5f7f,0.20441741918211692
ck_7e73e1d44ce82ed9,0.023291964633952434
ck_1a415416f620d49d,0.023449869528745997
ck_c95c786d2f8b8edc,0.0367906316582397
ck_e45012f22b7f91d5,0.0025367790425438047
ck_aa0b083e2a6813eb,0.11525028505559533
ck_4666232ddbf77756,0.007269061046417008
ck_e08e9c8ec5f23d8b,0.02462200031751893
ck_31d4c0518e5f52c6,0.06968937894760327
ck_c1ab40638f04cb02,0.017619130291264575
ck_4c1fdd1669c7cf51,0.004274633857540629
ck_11662cc7940ffc82,0.11263429576407355
ck_2e679af24adedac8,0.005970070109252651
ck_454b9e21b7f25a4c,0.0045740629953534475
ck_355c4f29089731e8,0.9071120567305542
ck_507e40760a24d2d5,0.062021730768086494
ck_0943e0f305078e34,0.9921891206034024
ck_abc54ed7111e9ed1,0.00511487248100528
ck_a60fe02fc04407a9,0.12305970874803865
ck_244b897bb4d57c1f,0.023400830467962416
ck_8c84fcde93a04334,0.34755802789673407
ck_9eea37d2de633b27,0.019210004983763112
ck_b2cb9e6610eca967,0.01622532998119048
ck_09aadb4c41b166f1,0.22365737257889884
ck_8d94fbb4828ef326,0.02046684906025276
ck_089e3a07abbe3b8f,0.003896773267652425
ck_dfee9de05e3971cf,0.02988901046054574
ck_6abf8302ce052451,0.21870434769518102
ck_6ffa90143838a4a2,0.021071809311036176
ck_325caeab5c7a9c3a,0.08109505360024917
ck_1964ee9db929a173,0.9209272723549393
ck_942b95988a6245a6,0.11193534315183741
ck_913ecdeeb8e21a9c,0.007687849869885879
ck_ecf9794349eb4b3b,0.06583561596951265
ck_b6cb8d6ae828eed1,0.09415967068662136
ck_2f82ea66c4f53b33,0.2692749886284989
ck_6e676daa4855b58f,0.08397378661046036
ck_2a37fef48b44e9c8,0.04206899696018258
ck_3bd12d468fdc2450,0.030715901983802692
ck_1a28b6a40a6bd3b4,0.2254536496547176
ck_61b79dec96d15713,0.011749622823118994
ck_31d5e3daced93d3c,0.046284665386871406
ck_e6c8611c0cf233d7,0.006525946082711904
ck_f04761b4a937ac3b,0.009824745290041197
ck_38c1c75cf055031b,0.04496707016780239
ck_59a561f3df01441a,0.02845969443294609
ck_04e40f556a5062ef,0.005066123997717155
ck_8409716d174635b6,0.006794193292624066
ck_3019afee83342701,0.054609978210946895
ck_b51a58e7f032c9a8,0.0683932117713434
ck_5043e474f848346d,0.03332936607659431
ck_4388abce33ecd01b,0.45519557151655154
ck_c93def7392f0aff5,0.1412473642111002
ck_72e7b1acc19df820,0.02473560989256554
ck_f253130dc3ca5b3c,0.005276579234868421
ck_eb264d1b180d4b4c,0.07105307445619734
ck_c2504f5a113433ee,0.002760191380320321
ck_c16ab1e4dafb4910,0.32699366412631015
ck_4bc42878fa180991,0.06726547240005398
ck_1c771a7c78f6622c,0.11776998780669902
ck_d523f0e50a2747ad,0.011730807724013357
ck_9060f4e7ab7a1b0c,0.03952627124754803
ck_6b55ec4e87a5e22c,0.2979926627576482
ck_55fc62a5f89a7251,0.06220813086344096
ck_bd2545c62f258231,0.16354398738153433
ck_1ccdc69d0bb712b4,0.053768733434183015
ck_710f867a3bd5898c,0.005062896138999139
ck_f91d48c40337d375,0.020326598770548984
ck_f76d929541ed41dd,0.04548482512012243
ck_e26a6659c237b650,0.03685990146834126
ck_184983177b73dea5,0.012119400253567773
ck_6d0d081bfa8a0022,0.051887928412413485
ck_2f6e64f638da0f97,0.01024881596095183
ck_15b93103ccd38609,0.01483529227176549
ck_094d10439b7b4eac,0.013559724667787465
ck_d2ca47180a926ba2,0.009280761401585081
ck_a69ca7b9d70972bb,0.015870821179506757
ck_68914e67343a7d32,0.0490098590890532
ck_8176616132458c0f,0.051533794989784935
ck_eee99af3598311b8,0.0706446549405461
ck_94410eedfca91304,0.08112634735644121
ck_cfb11a0a2325bff5,0.014645282691932163
ck_75217ee144b715f8,0.12053434345612565
ck_d56fc799542299b8,0.004415645478779124
ck_4c352dd3e7c81269,0.20736412931814266
ck_e23e50e02cb3904d,0.14430632590355394
ck_b921af37d500e139,0.06257776025423857
ck_82181b935360dcbc,0.9882827112643917
ck_22a7cf3b99c5e5fd,0.04016454642240411
ck_f67ee7910d532216,0.06082369833203987
ck_5f48762a14a0326f,0.007023202482690934
ck_1757fcb0e6e3f88e,0.20514425648653226
ck_2c2f080ba185016e,0.08356976747516594
ck_4c25570eb72711b8,0.00356294453741955
ck_a3be871ca22ac416,0.06483646485294554
ck_ab70961e7c6695b2,0.03504192191455384
ck_a1cdebfc42a52448,0.013742887881424198
ck_f1b80b821a20186d,0.01450294788827702
ck_ae668e4564cd2aa1,0.013861398602300097
ck_0e2bc3a5afa439d8,0.07187586561161989
ck_3dc378f37d0b74b8,0.06307688932127291
ck_9f9555197480d1cd,0.04847322372586175
ck_bf4e7d48770a4a8b,0.08863614283026935
ck_614ef655f0685060,0.007503881049977928
ck_04d2ea38ee27770f,0.0063725660544901265
ck_e03a9d8ac94161d5,0.013987074305473085
ck_d4007b5b26d9d854,0.007502575288561894
ck_2dd147ce6d61749f,0.11389161362539914
ck_ff45764ea7d6619f,0.1464817945368585
ck_dbc487cb0a6c18da,0.9451801050119603
ck_791d5392bbd80447,0.004837080370097525
ck_b4068439c413b150,0.11800644282720868
ck_85df7b7de9700aba,0.002560015724147599
ck_001e42551cd06e40,0.02631749418700314
ck_a6c02ae50932cd9d,0.08086695959823344
ck_9fd0be2c018ff5e4,0.022794963564991846
ck_32a495128395fde5,0.00444849247059567
ck_b6f2a2fd232c141b,0.061726933610538326
ck_28dde633692904b0,0.1651782346302064
ck_a1a93c5f375f6021,0.01441318979394996
ck_e3982142336782df,0.05169825234682075
ck_a9812ff3c111ea94,0.13983172888769552
ck_f04062216f95fa00,0.06963632536174602
ck_7c560467daca735f,0.004546228676661632
ck_76ee10d6e2dba70f,0.10335224941885428
ck_3521243bdac61178,0.01583449436856116
ck_28588fb03b320520,0.038620522247156716
ck_580dcec33ec232b8,0.02241411030789343
ck_7109923fd7dab20a,0.03298038996651914
ck_7c872c99481c1e9e,0.05169833752035221
ck_46f4e1f5026f4d1b,0.0012613372673524763
ck_00d1ebc31ec4653c,0.0893229349141573
ck_aac70764dde15168,0.028329326143748425
ck_648c03f9aa4e45f1,0.04931354824817675
ck_5478eb69ef912785,0.12742926118808054
ck_79b8523137bb2603,0.046374386511829915
ck_795c49f312640019,0.0011254024992807994
ck_89184bf7b7fe41cd,0.7422043117548723
ck_97d4bd922996fa10,0.035755813412280846
ck_1cef30d08f3a598d,0.008854193890029722
ck_2f9fd36a4a40a6a8,0.003600019299047736
ck_40780fc0f8d6f309,0.07643898742623598
ck_9083ca9fec2a7f4c,0.013354030830432288
ck_62081bc35aa59931,0.10131703925164769
ck_2e1b46c5fc56b863,0.15658714039999683
ck_3d139692c51b604a,0.1390721296305025
ck_b5e54e22e3d6960a,0.006095795699811092
ck_c0c4be3f44311b04,0.011659533632511116
ck_82a8bdd2692c2a5e,0.006833238642973159
ck_bdd2da300b530c5a,0.035484706125242065
ck_ee40498cd97183d3,0.013002773709154047
ck_70b9274473bd6dfe,0.009590002097661287
ck_473d6314ea614b29,0.017308904263158786
ck_7443d6dca8cd1352,0.005888646250559238
ck_3b49768b448b071e,0.0276528708599449
ck_b43f04431c267dea,0.01570766115848073
ck_4424a5223ba2fe00,0.15663396518167388
ck_819bf3e8231f4081,0.052262109525874074
ck_91d417507a8c58cb,0.5097471849358726
ck_e88e86b19cada4aa,0.04461455403324727
ck_59684167f9c6bf4c,0.27827371181549143
ck_d5f5b0dc97b9dc27,0.03767059895519767
ck_13d1b192bbff8f32,0.03259203599114892
ck_b21d8630387cabce,0.003887537714916213
ck_e4ac22046699b99f,0.012689574149698324
ck_74b848064f2ff45d,0.021414292585780897
ck_166aa980cc87fa77,0.3313226819274116
ck_98e337806104dd88,0.006690982464601393
ck_66eb09be007f0755,0.05189538224941772
ck_3ec9b9d8dd7be11c,0.031482517899459196
ck_8b8b9de339d75d0b,0.0699499309992315
ck_6715139e240007d9,0.014174515795342919
ck_a0255ab46e122d2f,0.0029767717688002197
ck_66e81a4190c33510,0.015198717982093608
ck_5d75ea4f5c9080bc,0.80038357892285
ck_df69858b8a8b3165,0.012696947017502899
ck_e15252ebd7553422,0.01444119512172045
ck_34d6d74bb3ed11e5,0.03317219474049958
ck_c2608f78f6851d10,0.11643473476642406
ck_bb99071e8f58c8a4,0.5192606256109074
ck_06010f0df5b7cef8,0.04756670490662542
ck_8c582eb0f6c0148c,0.006241221808535166
ck_0034d010d28aea78,0.02236945950017453
ck_01c1f06692566ca1,0.08334278738714733
ck_4807726e797fb893,0.036604630867638224
ck_edc9668282e3c8cb,0.03405317377245664
ck_5486768475af7bb5,0.9096457522534611
ck_3fb9813849e51837,0.030876813640755875
ck_861af5a9a9a6d619,0.04124429141694745
ck_da39653add0f1109,0.0049085678377908575
ck_74a4244eb1f162e4,0.001825252339850964
ck_9a930faade55b8ea,0.007399372992364398
ck_fb6e06ca88519dcd,0.03683827589472442
ck_9776cd8263a9f415,0.02634809825883624
ck_b3dd1198ac5aea73,0.09154447339800285
ck_b6675a04df1a4276,0.006938502219462084
ck_5c7ad6e731b69333,0.42030185431844536
ck_28dc0fdbaec00580,0.2762223193311575
ck_8e7a32f7e3905f4e,0.07146467073929279
ck_8563fed6674afc77,0.023553293125367532
ck_9a2fcccb82da663e,0.03549674155378127
ck_6a519bdac0d94527,0.0037258077736282333
ck_a0dab7aa9c4a39a9,0.041313340214101595
ck_a3ce05e9e5e32142,0.02615919701049607
ck_7a7e40ee3f97c035,0.04963292011514764
ck_9e9a830785112a73,0.0560880795762888
ck_ab1bb02f6b189304,0.13762438755379014
ck_7b8cb0f90fbdc8c6,0.018448426442842777
ck_b138fc249e659e60,0.011330696791968003
ck_e73caa3771ec5e0f,0.0107135432001195
ck_18a55b06ccccd88b,0.054756931350488244
ck_fdcb1d9265d8fec1,0.09543509800551615
ck_e21a900556b382ad,0.03933582159285118
ck_c6bf67470f526771,0.027013158327140588
ck_b568ba3837afb39a,0.004231375071656803
ck_a2858979dd5645ef,0.011438940602560434
ck_1da9d40837ebaa57,0.04375581181333215
ck_9341c7959543c542,0.008723196554878588
ck_c8ad86806b9a2369,0.09878748013990707
ck_5c85d93ecfed4b0e,0.010170437272158715
ck_f07b09879d697b82,0.004429590759922237
ck_fe43da07608b1749,0.04140774264545268
ck_4bca22b5926b9c28,0.0036952142801414136
ck_aba573aa942b1d41,0.010982052917198675
ck_57c14e32fa4683bf,0.008788545436185817
ck_891530b489ce402b,0.011640313831143619
ck_5e74fdadb93ff293,0.034731692126194695
ck_14436a409ebcc90f,0.02937675227517102
ck_00013fdfa0bd37dd,0.03211794785202765
ck_7dbe24ba01316775,0.1887702980430117
ck_0e3f80c1553c591b,0.018107589673033424
ck_3edc45db58760d76,0.011188871128105802
ck_29076a13f539187a,0.18836776737750677
ck_b1e81b58b9a545ce,0.09429953392394515
ck_3f8571d4f7420b2a,0.22260151843458295
ck_7dff6abe4bd644dd,0.6268977681186576
ck_2884bab237af16b7,0.018457325572619084
ck_231e6dd1fe708000,0.011283129950689212
ck_33ecaa7b892e73df,0.009246336693453067
ck_b109ec4c63503030,0.008983006593316545
ck_a7f522382509cef1,0.008938597181386277
ck_748b3ea941d8b3b9,0.010580220102038743
ck_29f3a1737a2d9634,0.0729999912402997
ck_cee8d42475a0f020,0.01187205815419189
ck_c6b6ebe145a8ffab,0.003255703243854237
ck_21c99e1d6b881894,0.005462248521271469
ck_5ad798286384484e,0.06321370350337555
ck_b621b6ffcc7f4848,0.011573840503095277
ck_ea819e337233475c,0.6320330117708062
ck_9e3896c2668ce06b,0.03954453592869311
ck_501dcf1ead036d2b,0.04243588613226112
ck_8d5eda29a2cffa3c,0.014983142555333267
ck_4d3aa36ff83f1132,0.6286582415609908
ck_8e9faf94e3e6c757,0.0027964798127660157
ck_ce0ec41f96951048,0.04341595544654989
ck_f09165d73ee903b1,0.04192081352043627
ck_a432b1bf1d3b3d5e,0.5737739805306032
ck_ea618f720ff0b4b0,0.03908842339200153
ck_7584e7bd755cb28a,0.01567431729553023
ck_e14681aad43e1a72,0.033896266688730275
ck_5e18870d8e30e379,0.03049586728433931
ck_ff7c26a62bda8089,0.008245570582195888
ck_cc5a35175d381d5a,0.014312849186658474
ck_3c25029e40aa8a84,0.0045955740361746655
ck_771247b5bc16c12a,0.015066373609597046
ck_664b5e02759f985a,0.008505165609772804
ck_692a9e8f504b9762,0.0017458859596310803
ck_df8ad2deb0a4ffed,0.017490138104756154
ck_eb48c0bcd12ea654,0.045869295540876306
ck_7c77e597c951cdad,0.03324675325318153
ck_4f75144c6f3b13ad,0.029105194832974253
ck_1bcff399166d7c43,0.024121217142693045
ck_975c2aa3d4a8c51a,0.03200359346572494
ck_bc6f07b06aaa4ce3,0.25566312750366105
ck_80b072b7f3c7e8e5,0.02536166025591729
ck_471e4018a23b4e56,0.005102292718876824
ck_53cddfba570b4a3b,0.06349497541805067
ck_630530e50764f229,0.02495128854374517
ck_dcef7887a4f1e435,0.07424659858434084
ck_2795921a055643f6,0.015273414655140892
ck_7456df89f3792235,0.007748909734612088
ck_5014a3b07e1f049f,0.46989171266670104
ck_d4ec44760cbe03f4,0.022936512084941327
ck_96810ad39d4cb7b0,0.08522567005439119
ck_3222ea25aa29bfa6,0.016220635189112948
ck_f6c42001b84a10cb,0.5311776321202972
ck_5ac86682385c86b8,0.03978904865950782
ck_4280c33af57eb4f4,0.008139547527819393
ck_05f79ddd8eefaa56,0.043135394231505676
ck_3a57a13ce032a6fe,0.011963568984325015
ck_a721f0d635fad68a,0.02869628387951316
ck_a3f821bdf408c326,0.025652981762890808
ck_0ada63008be5685a,0.0758957185843526
ck_8c949bdc6e8720fa,0.23238760185740207
ck_c0d2c56f9c722e99,0.9912576707008514
ck_5d2b9e6e087b8dfc,0.9942016174137706
ck_5217b55593a332ca,0.3465521221458733
ck_7a7bb9be5a7e48ad,0.017437371900951546
ck_24cd0d779e866287,0.006058864652526068
ck_7367917891a63771,0.027553579243697394
ck_4b31a8862a857e6e,0.9294067809522314
ck_81429c4910ca46cd,0.00832096865351315
ck_b35d803568f82d9a,0.020062637202636822
ck_4b00e75c2d2d0522,0.0019977231612069877
ck_77fced07f6dff42b,0.054343590270153404
ck_3c9a06eb07c300e4,0.03158175775011562
ck_b3867f7f494db64c,0.0083824033516912
ck_0c45e54897ab34e2,0.09763355080478685
ck_507a6a580ab55c76,0.04266967947087006
ck_291bffc7809f896a,0.006802217895793927
ck_3753cc5b9d02e2fd,0.00608279557826667
ck_4f63d5245b3ac1dd,0.07160817268054724
ck_9dfb2ae78659240a,0.058579416648972676
ck_90f6f5ced708aa75,0.008457453594084022
ck_8b5b5a6b5539e39b,0.7943458481900315
ck_4719112b55d20161,0.0741736741890601
ck_fec888a7108ca52d,0.9945562694699395
ck_4f5d022c99f118b7,0.05283232722114753
ck_e967ff05514b697b,0.11525580510235446
ck_839ce35819bfa4fc,0.0030895552951836955
ck_bdee1221b9addff8,0.014302229202907628
ck_9cde4036d0914427,0.09981590924260407
ck_5ac959cbcc5e98f3,0.006659340120944787
ck_619842688294dabc,0.01435872020472335
ck_7373d7b04c7799bd,0.0737401263574231
ck_c1dd3feb9a0b6471,0.04496137672959302
ck_0324a4812ec319c6,0.013536482410561214
ck_7f3685aa2933b251,0.11500824166184656
ck_06aee5a62a67a84c,0.15156535964070347
ck_3428910b44b9d08f,0.04799452245566557
ck_c3ba7534cefc1de8,0.030681346904884676
ck_1f1273a67cbad5e5,0.8180882602397364
ck_124565a11b2f8bb8,0.01600219793984395
ck_38e46bc861e0165b,0.04349549027478285
ck_c8ad3f01319c065e,0.13809693770939183
ck_3f94a34f5038f7c1,0.7874599680891025
ck_cee56be5a502fbd1,0.23395818863925485
ck_2b90b76cf4d162f9,0.012994187789163116
ck_884b2e463ff1d54f,0.015294626659853911
ck_fab4f2f8531b4827,0.026120231157207033
ck_4fc6256e0e60a926,0.021381971180419557
ck_0a2f8b2f8a5b6f02,0.019700815490138468
ck_9c0deab8a8367c5e,0.014345572932666148
ck_d3a2a4c011fa2554,0.007990254456716004
ck_4108b4038f762817,0.016621365289916146
ck_4df036e2aa7e1056,0.010909525232844329
ck_ec094eb1cbb3efc5,0.006834413796547446
ck_09f8f51bfd2492c6,0.008710573002842942
ck_b60fb9a10d6f4489,0.07988789193850644
ck_3638bc3388dbc1bc,0.4657664511384469
ck_7a58e0cc9943c39a,0.013640212291585928
ck_37dab6a0a536ed49,0.4102369706827913
ck_adc576690df5b33b,0.017341043426100988
ck_1383b2b1875000f2,0.0033361009840275862
ck_43c1248db37a2eb0,0.011477789455502489
ck_29c11bd68858e923,0.0033870838286068922
ck_9401f9e11f65337d,0.030195072326555192
ck_ce5ed372b1a2ed6b,0.05289831216600025
ck_08b4619490e751a8,0.8955776624936321
ck_44b9125526acb05d,0.05968816139083425
ck_ef1a1de20d2124cb,0.11605869604473396
ck_e5e2624b7fc89774,0.11146936014852969
ck_f5100511609b92c0,0.0022413260050477687
ck_64f3bb17101b7c42,0.013020238257813148
ck_ea1e5b5128ecba2c,0.008480224948819403
ck_516163fcf04d5e77,0.030440311754858874
ck_7f9a748110d70005,0.02564109082718987
ck_d263b55f0a681cce,0.03715090114746594
ck_0e962eacf98a813e,0.013419820915005067
ck_0406931800e0e2e6,0.012702027360882742
ck_0e9b982afc88a3a9,0.9975991179736438
ck_8bbb625384edebd7,0.0059266843091236735
ck_5eaeb87bf6207406,0.935869243228142
ck_cc3318839c4b0745,0.011362456147763543
ck_08a0355d1f1890ef,0.01076490315784767
ck_af7ffd1a822460d3,0.22438368683745588
ck_2a09c7aa870edb6b,0.005268127855106812
ck_bc04f51c23290bcc,0.07496071694025037
ck_d3a8333cb389f4c6,0.11674931925678167
ck_88e3dd3039508332,0.12167625571672583
ck_b8c7771de9b57705,0.020137922033556178
ck_585ababa02383b50,0.012594897654852144
ck_e988c108754cee9c,0.008405654118199712
ck_4a691892d9d6cf89,0.014034665767847648
ck_7cdce37d895eefb8,0.019769554817909873
ck_483fb981a1fb4317,0.009355914815149342
ck_c1e5182bd99e0e35,0.06295843069368946
ck_9a1e3ec9a1839939,0.0389921499826448
ck_5c3f13de0dbd5086,0.0631605498699621
ck_f4f6f0caaab70040,0.028834062182728243
ck_791be3378dd7d64c,0.030091823134102996
ck_956dd784525f5886,0.037184087166625454
ck_098167eaf124c279,0.060084062466624025
ck_33ecff7914349ebc,0.06053193662951191
ck_e05d44e46c7174e6,0.026535798307983412
ck_1b2ce474fa6582b4,0.114404118061384
ck_ab581082e8f72e3d,0.013446701252595197
ck_e63256667aa19070,0.0906424469570071
ck_f568772b6cb3febe,0.05733507907699394
ck_dd89a282375bbab6,0.11669245462841935
ck_a39d0bca345b492d,0.01738759585252727
ck_d12d2924d0f7a64a,0.012930557147717415
ck_6a548da1728b5823,0.9780964317140681
ck_6d64193681d2a94f,0.08463255407507018
ck_ced6b6dcdc7c201a,0.024908667307589286
ck_d1b0699d26282871,0.0662794379094395
ck_58f757e40a9b8877,0.03172856708506546
ck_3272c2c4a37d5220,0.4333779827093031
ck_d94dfde9e03c9d1a,0.04498076682965014
ck_08a6d4903a7fbaca,0.027858750772360403
ck_6c72a36b05fa0f4c,0.12809540780747317
ck_dbb4bd4eda97255d,0.03711792804292279
ck_94b59bbc824b307a,0.005415418434577594
ck_0229a07185f15469,0.027799037272907615
ck_11bf1039f8b3025b,0.037573547354123445
ck_36789ca11459131e,0.12375787501034426
ck_8572c5f5c1447c62,0.0628583102118348
ck_9e75c6641939f4fc,0.1849671600087808
ck_b45e47c39d4dc7bf,0.08706191801851183
ck_02903c48b6cfd65d,0.03372355273192128
ck_b153386f1729de81,0.006993742505294474
ck_36979996f33498f7,0.5408423523271235
ck_3c02d4dbbf6716b6,0.01576495496585951
ck_66c9a19963957531,0.09716511780028024
ck_bae8dae7cfd8baba,0.00321136225949462
ck_bba0ccc6cd968680,0.08211939041192295
ck_3267fe3aac05c71e,0.02211812675802998
ck_40052cac10562cde,0.1258442070877043
ck_d973444855403e2a,0.0403157570416702
ck_012519bb095ad36b,0.9956234377800166
ck_ad7c256ea10c4a00,0.3168653422532168
ck_70a60e095e9b706f,0.0012683185740386548
ck_f2734417c0db4ee3,0.020741810697422904
ck_9cb89cc3178e0172,0.04504018522202066
ck_779cc0f2de4d5488,0.34790050002138595
ck_35f8656bf93e3b3d,0.008087548652957481
ck_bdd8eba728800e29,0.1041714243622916
ck_002cf760d173f0f8,0.03845860749420809
ck_b046067c6ca3831e,0.00533158901490205
ck_a4a42d4bff8af645,0.017000407314470757
ck_bce253d2396681a1,0.01996433858540338
ck_00dafc060c8de32a,0.010485853590953722
ck_968a99e097ee78c9,0.13107987178062072
ck_66949171b387bb93,0.028952484063513296
ck_ad305286702b1958,0.006208232427880865
ck_4732da7e0d2dfc7c,0.009297020991978143
ck_17a95bba77217d85,0.09354676953326566
ck_3e2516a3e35067e0,0.01762786875614857
ck_0b615ed566da1f58,0.021496988102561187
ck_d2b3ce1ebabe9f93,0.021114203080813777
ck_a892252e4e0c2828,0.04160573149684596
ck_cf606fd6ebfdf9bc,0.0036036876735724916
ck_718865237134ebe8,0.02046448061514987
ck_878522cb775b904c,0.17130318476993608
ck_9ed53de6ef779ae0,0.040975115707215015
ck_3f16e2cd7e6874cc,0.07636266732245885
ck_3c59df37895ead2d,0.011221936011397161
ck_6821459b626d492c,0.01104773665303315
ck_11c7667920541587,0.027615699397741198
ck_23a016cf6b98d89c,0.1466797753757976
ck_7137eeb394d200f1,0.15410561692122898
ck_9c4886c5c90ddbdc,0.04094053796220288
ck_1422a7bf7756294d,0.8972526771055179
ck_7ebc5fa7f0d3b8f2,0.06337167216673148
ck_fcc2059a8d5c41fa,0.3992106519643974
ck_00ff7389d6a83e29,0.12546073604755384
ck_03129b41457795d2,0.08848555624784714
ck_38ba64efa7c38250,0.049265905140124217
ck_57a6b56b09bff24e,0.013274600802211167
ck_e3b3c5a80a567418,0.00822468972086001
ck_fc40a16adfced018,0.006777706380836543
ck_9d4b5e6b43bad4d8,0.020371816093392964
ck_61129937ee466b49,0.06044226204525209
ck_74112e47b8629c2a,0.20128614673498005
ck_b4703ee97f94d7fb,0.0038023600492362378
ck_e560f720a988d8a2,0.3076684190872292
ck_708fea345f68037e,0.025196114818719976
ck_25394c1b83e0b803,0.010715670057566762
ck_17ab24fe914ae44b,0.0054852102073698755
ck_16c501470d9bb006,0.004028392662331256
ck_628f449e248c19b7,0.07054633370390136
ck_6d64190623dea714,0.005336618930697921
ck_504a45ee08db72b6,0.020361199595267256
ck_6cbb011e0c70bc7c,0.005368396064302999
ck_b3225a98acd04f83,0.013570908118681752
ck_aa37993f1c17cd1e,0.12930980352872376
ck_558cfe5f77a55a9d,0.010652499758661439
ck_0d0a1a021efea5b6,0.05445207078670754
ck_daf7aea023b7a8f6,0.049342884835122204
ck_d75f25184ece2b51,0.011000259818388695
ck_466d4b5366c50b98,0.00682126239663918
ck_88f27ab479063852,0.040921719344863446
ck_66779098e78c1760,0.010623279246480629
ck_b150fe4efb449b05,0.021817677984479176
ck_9c3aa9f23d01fa1c,0.013978636452744051
ck_6a01c375fc26705a,0.007405505153916459
ck_002eb6552b504ea1,0.037542609887854295
ck_affa5aa0bff9bb0c,0.05173311629899188
ck_027614eeba8b1a4b,0.018877921032207885
ck_67e075c982add719,0.04790118404430907
ck_399b0d510be98bd2,0.02386261316474485
ck_e9b0bca7368555ef,0.011812225867199499
ck_59c29d9c57b4f994,0.4588264804195475
ck_37176850ed68831e,0.009380157476116455
ck_a0db4ccca08030c3,0.8032419314406065
ck_aa188e5c25f7f42a,0.023294438243887737
ck_7de6997178207800,0.004676134200294981
ck_c729d19053387be9,0.16274442146082263
ck_f2d3e3d90608596d,0.580583023081267
ck_2db3fb565e0211ee,0.0051305730436876605
ck_bed8a480e27e911e,0.04902708269561132
ck_d7ad9921a4d25926,0.0600717055579603
ck_2a59f23fc5194699,0.47384721829825305
ck_63601a58a6120d8a,0.012732603019964529
ck_efd7b9e22c6317d6,0.012968644838083557
ck_9ab42875a0f95b43,0.16112036137471664
ck_85cb5033fca7c846,0.10715353016164292
ck_5249b223000915ec,0.03205704416274517
ck_3efb0e9bf25612c7,0.016153515543082548
ck_678e74532ac19700,0.015125893247647116
ck_a980b296c95153f9,0.01904033688080776
ck_01ac687ce0d696a7,0.03300410960984761
ck_52e1418cf1aa9871,0.07029905337361403
ck_7d28da4f1dab09ee,0.1402076805305494
ck_010d0c2e6c1657fd,0.18211664582272905
ck_b524f7a2e752b9d0,0.009784363716352591
ck_cc447fcc24a0772b,0.42328146278131407
ck_2cb3c99845e572da,0.0036651355825723683
ck_604c710141327a81,0.007924950130996375
ck_8d5fa65717d2e0c6,0.01948470834303353
ck_31199510b40602a1,0.01944477287413809
ck_49e253ea12f4e922,0.07672196499816948
ck_780738e0d71e7e43,0.011161176826891047
ck_2cd21137a07fdd7d,0.004858330173044493
ck_5e021f2a3b66e256,0.08569797513326495
ck_efbc79246e32c66a,0.03868630902620693
ck_9951bd806c13c7fd,0.0937996932989764
ck_7a52674e2806d8f5,0.08007975419345564
ck_1a319e509f1efa1a,0.0033746047410035717
ck_c920901b9a4ba993,0.948716939402348
ck_b71279e807d0b3a7,0.013036374289017164
ck_47e1032f490bb018,0.030402149970889563
ck_192579ecdca7ff83,0.0623638968627225
ck_b1496c474c4a3239,0.0011787660075196697
ck_5e68ea2c5e893cf0,0.04828912286706455
ck_f2ecab85d4693b4e,0.11755840884010615
ck_89d7bfc81c3df597,0.009261401000232832
ck_7929284327667791,0.30041498009182654
ck_494ec63c5ce8e150,0.011780004323641947
ck_319b059bb2145586,0.06037487039949707
ck_ccb3767c239018c1,0.01549760769361877
ck_a1c7adfe26e09a8c,0.06807371934134822
ck_0e13c4f73818149b,0.0722677174207057
ck_c285a51ed6214f52,0.06497044137030336
ck_916784595f028226,0.1869420774570614
ck_6cd8e0196365c474,0.03014336996441111
ck_57b657aba4daffde,0.23930312965408707
ck_562c76a3753fc7da,0.8301403125598211
ck_66cfc1ebc9a513c8,0.006556480529954177
ck_0f38d4aed68d7d24,0.01599008248773812
ck_d8ddf5e99f7859e4,0.04300295357415592
ck_41bc3efa0fca700e,0.03936590584364547
ck_40799e129fcf42c5,0.13565395135764416
ck_786f079389126e44,0.07879149484555475
ck_bb4c6b713eb0b978,0.05720508535474424
ck_4f01f7eac0efaba5,0.019917733634115087
ck_47d29c01b20cf69f,0.012143684722484626
ck_bf15a1f8d67a30d3,0.06064208794268983
ck_bfecad7586f65e4d,0.12326166228135774
ck_fc9f16df35190eb4,0.6417314894799787
ck_c09c914e416edd08,0.048718770818876114
ck_c54c5d8e4433b0f2,0.008190373946153719
ck_1694c28f44480e98,0.05589470177042554
ck_1dcaa3078dbb7571,0.00570966665768638
ck_af559f990c640e41,0.039529849354907075
ck_9b436162039a77d0,0.1849253502385183
ck_79d62ef181bd0cd8,0.027270167769484707
ck_23caafc2cd34242c,0.015130182774670237
ck_ffe2aa26f597e552,0.022324436588263896
ck_e6ffd0754ac08661,0.003812600661184854
ck_beaacb4a783db21f,0.007565800684115732
ck_9863bff41d24ce9b,0.016026894868597385
ck_323b9cc5c49f8ea0,0.04392840371907451
ck_ab3de3d3e41c2082,0.021751372334438687
ck_35c93b2924900376,0.03347679273656358
ck_5a9d5f9901e37e31,0.12876964375444092
ck_782b0be796164335,0.013730856407627601
ck_11960b5f1c7a5e2c,0.007554471275583786
ck_9a66cb13a9884cc2,0.041266458363842885
ck_ba666a425930615a,0.005261842063993521
ck_40140bef4db73741,0.02385611964876099
ck_e05e91cc180063d4,0.29609218383421104
ck_c7f6f45710bc050f,0.00946311587675662
ck_055fb9f2e1c8c934,0.1052627281866202
ck_58bb02d98e2b9cd5,0.046106928993843735
ck_d9f8efa6a7800f76,0.021372776248012187
ck_69691226c68fd50b,0.4579059552824663
ck_6f2f0396e5b1c538,0.982457352860545
ck_78bc3f1d0f35ea6c,0.0407480003127847
ck_2d5a6b6636a2596b,0.01252822479148158
ck_7878545739af0a73,0.01096534300847132
ck_03c4fa4f3ed3512e,0.00382221892168455
ck_1a9e51d092d62c84,0.43553133103249414
ck_9f3861940d8d873c,0.11324398610999716
ck_4684fdd61c6a0fac,0.03089501936839105
ck_715966f86d5c913d,0.002777889852500875
ck_77f293d44b4a3d2e,0.09678901935868757
ck_24dae044dc05f849,0.08730907796036949
ck_00b9818e2064405e,0.25955616721392993
ck_c1c2cb49c3c1b0f5,0.5519109681030074
ck_bed50fc64fbbf8ec,0.009145446629670657
ck_4f6ed5ea5ab7c429,0.016473170960232413
ck_458531c22ec2f9b3,0.032378059711478765
ck_51c50c4c443df31a,0.8013338984114087
ck_732d45bd578dc39d,0.04461556407877563
ck_783fe5bc20cd02db,0.11892190710929759
ck_7f188aaa63d1d442,0.03440039835198559
ck_ef307a6aee38d1fe,0.9236260684318892
ck_e37196b20968b73c,0.13186780495358688
ck_4ef9de711c3d93b1,0.06472205476190117
ck_17946516d5df71d7,0.03451997554997852
ck_3534be0f4efd313c,0.010401095965400455
ck_29fbabf855cabdff,0.004474637768419695
ck_191673540d8486af,0.05710583625793078
ck_5f52728d777ff2c5,0.027403675369659982
ck_a045a19369016818,0.9965494373155748
ck_4eadbe7298b15e96,0.04750617831289907
ck_a3a0bd59729fe619,0.030306035042176688
ck_a1e77090b1c6ccf4,0.062215237776999006
ck_69ab9d4784eb77bd,0.06301319568727833
ck_baa47383ffd50f04,0.01654841489763689
ck_e35b2ed08b9e55a7,0.014144410722112281
ck_b6e3af0a5119d9a0,0.27639662928403747
ck_a7c1dabf3869772f,0.15801661842350473
ck_80b8fca67a14e0be,0.5312628635646763
ck_dd9c5f0c42878e67,0.02256879952222866
ck_41ef7967faf5ce82,0.001993504707007251
ck_a93560aa348d6225,0.11322965362363197
ck_ffe91d6f0bd93fc6,0.10920157614617107
ck_fbf630c960194033,0.02201218280218895
ck_497ed60723283c0b,0.05993318729118353
ck_2a46b7ca55239413,0.019509952537959344
ck_1a4e5ace078dd782,0.058085218153763496
ck_616cc31910f5de50,0.009511711495108332
ck_0d65bc749eb42710,0.08491252123017748
ck_2408db62e4395ccd,0.025139367148880175
ck_5d7721930106dce8,0.02536353773052595
ck_e8a6acea22b20312,0.31087183076190134
ck_e2f792fae128b18e,0.13671841891527642
ck_e6d3ce445b86003f,0.0032211982612018932
ck_263334d722ecbc97,0.22519285303540693
ck_8c5b29f6666d4874,0.08072653480089562
ck_7ea0bf310fc20c7b,0.7469824046394823
ck_54d463f7fd89ec3d,0.2818690992034446
ck_79e45040dbdd6447,0.14304141121533873
ck_60b4d59953505682,0.7176238513230339
ck_fb00dd5021642507,0.03850855872183608
ck_f409ff994a210601,0.08516327208449823
ck_2ca0020038bfec58,0.4187256884715204
ck_adf84b9df54c3d80,0.058063356577977676
ck_942dbf632591b65d,0.15399581886777342
ck_454a7e4d859a3409,0.008041055605644772
ck_2139062d4569aa07,0.03760299404758174
ck_e949a0f4df0b3902,0.08691636652128189
ck_bb113e3e6716ed65,0.04136197324494657
ck_6a28ea6ce69cb869,0.1336848068631384
ck_7df9910af2bba21b,0.007150731042051583
ck_78aa4b731cbfe251,0.023191522280365407
ck_5839f5cbd8165b1e,0.08447444618925475
ck_7158ad9e58769ffa,0.24309515476770555
ck_acee218cbe61df69,0.10818841653404851
ck_f8dc8473c2772729,0.10167421505362609
ck_f34c93a8173555b1,0.19230481811726408
ck_7cf301d075e4e709,0.05605953409081687
ck_b87e88ee5512ea17,0.00353354701510895
ck_bed0c020b10afa3b,0.012346831706793123
ck_ca10102961f99eb4,0.00826781160918983
ck_393287947b5c8d79,0.039894487477409125
ck_2fe6cac002142f67,0.048113258821258685
ck_79c7f0d29b1db1cd,0.2344643859307845
ck_c735b643d3cbf67b,0.011188474704731641
ck_ea4332c8fe48e2a3,0.00955032381901656
ck_d39864119cdd460f,0.01717811976564143
ck_3b963d6be2773861,0.014555909321177174
ck_df39e3b8a9fd0bfd,0.807677454707017
ck_6236a461dc0d11a3,0.00999129690466048
ck_475ebccca25e30d1,0.04314679214406673
ck_c10c8bcf5bcd516e,0.11576065957602949
ck_49ccc3716a564256,0.007800184874754462
ck_4e4f99102f6938cf,0.0090865274070079
ck_a97b481ade6f7972,0.06279484014209152
ck_3fa559c679751b3a,0.025010353417711306
ck_3eba1fd2c7acc4c0,0.27364479835530603
ck_18c179b4afc4fccc,0.005276341258740119
ck_cc1c0b93d05b7d20,0.31566317977425756
ck_742f7c28ddd019e8,0.049146231844104264
ck_04470bc93b8a0d71,0.017023571258252317
ck_6e8f8ef7a03cc6bf,0.057906654723670375
ck_eb1ddfc353b4da83,0.003858624980793536
ck_98831b57c7ca2e4f,0.010580236553694862
ck_a6c7b8d6e8596d4f,0.06946341760142473
ck_cd7d24e3b095e96e,0.19752558747364518
ck_3f5ae4673a9f858e,0.011132330361050696
ck_05f375fc8ae0afb0,0.009578367077442758
ck_1fc98436281ee39e,0.004176358214323632
ck_6c48c58678f64bae,0.005594427586990703
ck_8c95aeec6a4c75b0,0.011222275518819142
ck_364cde38958b7af3,0.38133138805242334
ck_85bf21aa1a00452f,0.008150946643528787
ck_796d3eaabc667c23,0.9933962303603258
ck_ac449ee0c315edde,0.00793000891047767
ck_6f9fd15ac6b163de,0.009393910264650607
ck_4087065be2a45ad7,0.25792015201015633
ck_ecf006bbc78ee3eb,0.3528887280839184
ck_8ca808cc5a49cb5c,0.025740452428918894
ck_94b90ab8b2dfb50f,0.032613260782051
ck_59fd11b3232de9dc,0.9619722079849823
ck_67f3794d93e2dd67,0.36466200349269573
ck_b7f5acf5df1bb13e,0.012175081411447512
ck_fb04ecbaebb774bd,0.007643893983974303
ck_68ef3e7301c621b7,0.06993188110831694
ck_41406cfa209b6bda,0.010504821678882231
ck_b0f8f5408662337b,0.002723075998545473
ck_0d2901bfe585c391,0.12291765904909684
ck_3398551e81dbf3db,0.06772142116701739
ck_61c3e3e277629646,0.05056094426634392
ck_2825e34dd3e7ea2a,0.019951583621678783
ck_20d7571ba830009d,0.021480589671164306
ck_c98b16f9a72a6568,0.005167465029229985
ck_e7c8a9e4641eb9ed,0.0014321997486313838
ck_254a7c97c36dab8d,0.0324787601155373
ck_e98429675b46272b,0.005971951466829872
ck_c2fc0ac460786d02,0.12430549489479942
ck_fba15647b3a140d9,0.028117107086517327
ck_15ce50f2704227be,0.019920251976463254
ck_8c748aaa4a4554f9,0.051674697001131344
ck_e00e82a9419ff086,0.07575954389850569
ck_832341c98254bd84,0.06082627165128189
ck_27466468d06db4eb,0.08149541976737514
ck_9d7b9e3ff1f3e71e,0.026823576962382908
ck_42c6973d3a6fe983,0.008343849444177227
ck_877c85bad118bc62,0.25320769207178095
ck_75d2a2715259c4d7,0.05983310619290489
ck_37d3e5c681a2214d,0.5162482593569464
ck_bf285dd49f372de4,0.01867674278986386
ck_a5bdd026fa9c50fd,0.025607157109514923
ck_88d9244a9cf7a77e,0.8441178809847742
ck_5881b174e49b04ee,0.029860561428085918
ck_5b16d67c5ea89930,0.04665509465833701
ck_b75b936aafac56b9,0.015490606854530988
ck_aed2681e1646a0df,0.10970330730726645
ck_f63cb5e8cc702bad,0.014890153465897019
ck_1805fcfc4a9e4ffa,0.9378134857491259
ck_25c355da356c730d,0.07532806282874187
ck_70396398e4a96449,0.004646373975243757
ck_0f743bd13373748e,0.08198141653479707
ck_4b387765f0e916cd,0.0007481445213283299
ck_e971faae8a10a260,0.0043466024175020535
ck_9eb08369e983abfa,0.0027922180611293693
ck_c30c5844512e429f,0.22418548495625318
ck_59e77e3a81f1fa0d,0.14728219831230321
ck_ca4465f2b5c1a52e,0.9923588524194675
ck_c89b9ca398402f1e,0.007139534146361327
ck_36e72ef9273e7a95,0.013565852606944387
ck_2bdd8616870e5e1c,0.015483008860519632
ck_216e87a41de22b5d,0.1343455936907276
ck_60f4fb44f5efe3a0,0.015090945283029957
ck_05652e8ace6ce6cb,0.006805362374825267
ck_8c136dc691e65695,0.003921311120157341
ck_a08f8dfadbdca112,0.0033747824015290086
ck_bda4041a3e90d860,0.03305485630690755
ck_15dd3ecaa8ce0245,0.8664783304613825
ck_3e3c64b3b7876ce6,0.03419789793566568
ck_46225858a38b2e57,0.029897688564965875
ck_0cb9f54928f4feee,0.05287510067768953
ck_152671fbf8a9a78e,0.030250316685185945
ck_ee7a515e87d17d4e,0.03636583513871638
ck_f7276091bf513d22,0.0029170547052304934
ck_4f05daf1cf0d5755,0.002093131052423622
ck_83a69c4a5d55ef19,0.15967461719817766
ck_c50fed2a7c9198c0,0.02429757083214599
ck_70d19d5650ddc8f5,0.02112378252784498
ck_4b4d99e443618904,0.0415644175238531
ck_dca0b6ca93311ca2,0.06038639313242226
ck_b7431d4706461ec6,0.017790600495303698
ck_7b59d22cadef3b05,0.41426689071492884
ck_53428573abcd606f,0.04945008769136847
ck_f538ab6aecf2adfd,0.0020924676017600565
ck_d321249fb065d2fa,0.19726554141558558
ck_72fdfc7e6d8e1436,0.009262669245145414
ck_b52b99dad89ecdfb,0.05465450607308576
ck_d2d4282f9d256b3e,0.01950127563920771
ck_c8f2a1dd8a6141a4,0.003128767356263205
ck_8d38747058d0aeea,0.43476930708570516
ck_3ac528caac74f563,0.028914859276728797
ck_8dbaaa00ad829ca9,0.04274928953820515
ck_7c38ec898f0fc21d,0.014238589428324523
ck_8171ef803f5ff604,0.022370863127893926
ck_01a750db6fc1168a,0.07769735431330808
ck_ceb017baa26e98c8,0.13226300969319763
ck_e2c66c72cc0b0f78,0.11866300197939134
ck_8d9518f64b222416,0.034733582731392695
ck_804c5a1fa5753617,0.029056703542008545
ck_fca7cc9c42695453,0.03843595511558312
ck_3a632cdf2c19051b,0.06803420322244338
ck_b2b63ea65edf1dde,0.1075013394281328
ck_27b07021500ee841,0.056477157078571295
ck_9724718fe64c6557,0.9759836852142326
ck_2786cbc3e75ec034,0.4115759519649738
ck_d9c2622cb6df380b,0.00875352739170559
ck_ae1da8ee98e402a4,0.014240439027455002
ck_62967b91504149f9,0.013402003301109876
ck_6b255bf68709109a,0.035604515270443476
ck_c55afc68421d85e2,0.020674415401069412
ck_7c7266f6ef2a8466,0.06521834697993038
ck_885cf685a9541190,0.9401678476650205
ck_1a4bb7d3d2ee3227,0.025793482656373795
ck_b4911c42f3bff740,0.0038540724001883396
ck_66f9f78d4c6a3edb,0.08458021137707725
ck_49bdba9ee1899dfe,0.09877610210114122
ck_79b235d51718435d,0.028606774178082925
ck_d840db8cfe2ef6f1,0.0021736776102565833
ck_610c7bcc1cd7ecb0,0.04740318372046272
ck_cf49b6544aff6c50,0.6563979942876018
ck_de05f97c3d40dd1b,0.07944865041485452
ck_0302f67d75973dce,0.04256185070269653
ck_54c2604c9ca6256b,0.0648672362985812
ck_a1c88c0568f142d0,0.053291972622862144
ck_5d72ff6cc2963d1a,0.008751099229492017
ck_0446920a1004c596,0.007300137230501229
ck_71044c29ef071570,0.010212740282105458
ck_2122e9bb1afffef7,0.02039029290813078
ck_d1e3de178601d3c2,0.06674405093096412
ck_bec8324a3587ef04,0.005301860455338398
ck_b616b6f45225f319,0.04746901460975237
ck_ce1e695884511479,0.02078949402836023
ck_a662b4bf900781e4,0.0035384280066998674
ck_b5a84c5547378c10,0.007446946025615635
ck_f80af368cfc6cb7e,0.10481122348156219
ck_da3526ab6c5c884a,0.030115839605932816
ck_bd20be9a3392d79b,0.009716131666043692
ck_b8266dcd90cbfa62,0.007020190768261386
ck_ac84b33304362c06,0.02406471818387982
ck_794d8935a895e33f,0.04942049190897469
ck_8fea7d915259f1be,0.014315493448765497
ck_7a1519ad5ff45312,0.0016478041985543606
ck_9bf3ce30b65f75c7,0.07774567352038872
ck_5f864d72d1eead99,0.10981340040498755
ck_3c48e0cfc2a58041,0.5541633485316757
ck_d902183f80cc81fa,0.11398533444438369
ck_539cb0d117db8cd3,0.5412243763338782
ck_28f530aec8e77130,0.09583272767608131
ck_e7d903c50d353361,0.009441246847086854
ck_d288b77d1e227970,0.041806642229919845
ck_017208fcc01b5d40,0.010166852756178962
ck_7e3923d278a5106e,0.05182818349832747
ck_9700a00ff9e66216,0.03297840553906522
ck_5c36c78b7a4d138c,0.16193496832696044
ck_c457e9c9224b773d,0.02483659210306542
ck_1dfa91405d7e66bc,0.009561068609706633
ck_f1d8a2695a575e56,0.021040960556402213
ck_3b92a46daf8d00d2,0.021618500287113276
ck_aab23b5470469649,0.06388073532494314
ck_ecdd01a391610d99,0.01263808355920472
ck_abd3aa292f8edb4d,0.19144141795186553
ck_7fc9a0776e1339e3,0.00629824433227907
ck_c0389ebeb0e65cb8,0.0021964794642519037
ck_48d0fc4f6a2109fa,0.9880746165527412
ck_571dee4f3336c7ce,0.06261398067035741
ck_4cedf26628c84f26,0.08475051180814157
ck_63356762d24aab81,0.027755570640490584
ck_2c5bc11bb7ae5d2c,0.9839554902367619
ck_6d26a152f900fee8,0.039177366178807106
ck_c972b0e781efed3b,0.028930729770462623
ck_fa0ecbcf9a33d6ce,0.013272587454517667
ck_fa3a766e49dc77ae,0.03360174688597589
ck_7baf1e55db0dc558,0.045685013738889335
ck_e8bc49e6494c1f37,0.010456113110551113
ck_8ef1d05cc1e53e7e,0.02850389676305478
ck_cef2a485a77e0723,0.004978740199830597
ck_228a583f23abff48,0.035024499479811025
ck_ac32c6e374782b27,0.08713300651712821
ck_b9485218cef413f0,0.005121574625797591
ck_7f15503048915d6f,0.016152639207214617
ck_b62f5144db15ad34,0.24722153955256604
ck_917d82c552f95a23,0.027453311935886304
ck_fb4797045077bc6d,0.007360836261880807
ck_2cf8a44e041217de,0.03673120392307332
ck_b7dd681eb3d2ee38,0.011279076420201664
ck_e9e8cacd2fa35e79,0.03623086412284471
ck_342a79f91de5d1fa,0.09863566945257586
ck_2c91f62c05685ed7,0.005845214109236033
ck_e30cb64302939f38,0.09910045295206424
ck_d0e95b90ba86da10,0.02466562565296404
ck_1774faf414a5d49d,0.8447564265218256
ck_2401e8ff89e574fd,0.8696395852360194
ck_0cd8802264e0a1ef,0.018392864878860344
ck_da84a0dfe947fd3c,0.012632741428903567
ck_c8affb27ba7fb5db,0.1670342454493281
ck_bc7ece8787ca7200,0.01929683261729262
ck_469a0578d05990c2,0.00341384478802229
ck_eef67f8dea702338,0.07393672276231057
ck_4f490e379e9ded9a,0.010604705599469452
ck_354379de065a8ff8,0.002829180972054217
ck_5db1cb368bc41ac3,0.01904889679454978
ck_9b1c3742dd6fcb8b,0.042174066830130384
ck_63ce4f44c92d7143,0.013973923814003125
ck_e15e3390f5ed45f3,0.05675696129281101
ck_da645ea91d66aa6f,0.6695027447661717
ck_834ca727df855f07,0.10135363079971892
ck_e1d5ad20c737c745,0.4987806849782339
ck_ff8059ae5fa5f1ee,0.0022374473320197494
ck_8bb9e75393954a1f,0.004211610335050275
ck_4e1757d1347ab387,0.984974266426635
ck_af3f74b1d75a5d95,0.029056780896537175
ck_6b1ab0742ff04c3e,0.0396698558499531
ck_f56073911c9f1ab7,0.011599214359703378
ck_51bd5f69b4fe0b92,0.6507972113252856
ck_fc3d95030b81f416,0.001965896628433256
ck_cf78169633a1600f,0.004601772335438417
ck_ad7269eaa65c67f9,0.04206413989328634
ck_cc6d33890d47a6cf,0.059080223126323446
ck_bc8f31f4a2ffa1ae,0.00522176628518222
ck_720776a46e56dfa8,0.036959795931124285
ck_e2d1f212f259539b,0.028725631671198102
ck_eaf6f7082c3db2bf,0.08919571493257152
ck_773efe58c6278c3c,0.06981322240563442
ck_c4a72c09f2fdacc4,0.04246334134923986
ck_8982888dd6611143,0.007406751443308302
ck_9d5049e195eda029,0.07970800448301531
ck_de58ef6f9fe2b546,0.01955268023601922
ck_c0b50c11e4f5adf7,0.05869810006651213
ck_ddaf228487858bb8,0.09754551281358298
ck_eb2323215ff70362,0.07450012132267579
ck_168c96a1a636ea15,0.05651118571160938
ck_9c46711b14d9eebc,0.006920535688243168
ck_de8af660806b97b5,0.00303426888300944
ck_6ab83f45bf16eaa6,0.02630918312700324
ck_bf2228a052815840,0.007330136686109542
ck_3f943f20a9da9bff,0.008510593271288634
ck_3baae40454c00938,0.03137728407284104
ck_bc2e771a1d8d2dee,0.08012416876729955
ck_e55f5ca37f30ce8c,0.024238580039835044
ck_4ad5937bef176d89,0.0034230773595087674
ck_126531a9126c17c4,0.005820612986311091
ck_7ec423cb56257516,0.017198845432002348
ck_54748ae0f2daaf10,0.028761807652108055
ck_ff24776280ceeeed,0.007939798944186885
ck_3c3a1a1365741bba,0.009427215403504434
ck_615277c8a4e2b18b,0.012330064763729179
ck_a96aaef34173aee6,0.21906480703228548
ck_bea56db7f3e930e8,0.00883170672281312
ck_ca491debd3b32a59,0.03532942145749698
ck_d9ea77f4114a389c,0.020812805094251305
ck_322ffda3332d08a2,0.03799583781048593
ck_c40ffefe4e30b001,0.061557814376736145
ck_3b1d7648d4580bef,0.012489529029779076
ck_23981a3261674131,0.015089832353929099
ck_11667f5b9fac7bc7,0.007017424156383704
ck_646bb3c7be5f0817,0.008212597416121539
ck_ebd0a45712dcf07a,0.024365083354904896
ck_baf43bf1bd963f9f,0.06406291548403052
ck_e0ca2c819658f6b6,0.9969847923451998
ck_f0d6633d0834fff5,0.052415541532693274
ck_91081be0254878a5,0.014012532765780222
ck_1325000bc7f35b5e,0.03863017846573203
ck_c624b9063400fa3a,0.2554619802962844
ck_0ad6fa0e23c3bd0a,0.3852178999433706
ck_6ddb55b1f23c6cb1,0.023110391197520893
ck_dce1fb3acd65562f,0.006792445002363567
ck_a9aa389688ee5aea,0.028548632269425212
ck_5c5284c45d9ad8bf,0.19305968056290265
ck_9ce743dd3e92549c,0.0376586299515128
ck_8342e08cc2f9bcb7,0.010582085397287637
ck_25e551a0a8d2fcc2,0.10906225103976946
ck_d4fd0e438c97e0c7,0.08479878829118
ck_ac7fe1c344190c50,0.03354231581061275
ck_ddd65711b5651f89,0.004238887760285421
ck_ec7406cb5cbc8f10,0.05670812627045536
ck_1c65e8d5be3b9c60,0.6424650634880493
ck_38ee42f15a573e81,0.08036687510774293
ck_0e5385c70c6de025,0.04337879241048448
ck_d3137f0f7629040b,0.019840028647146377
ck_9129c92c12e0c8b4,0.010059153112101059
ck_c86520a00e50a926,0.02242740166844665
ck_87f82b2b5fee757a,0.09587945010274876
ck_643abfbd7548d0c9,0.08806683172405191
ck_be51f4e5e6b85768,0.24116549117382374
ck_132c16312f37810f,0.01486934904689588
ck_c78c096ca8cb33ac,0.004404318181663601
ck_2ce5afbc014763b8,0.03633975289250299
ck_50ed8f4e7ae6710f,0.04829445453192459
ck_5a4eb535c9a11993,0.028292747342337596
ck_9b665ef46d785324,0.05475680926060873
ck_e066f71f8b296b7a,0.009489710634259699
ck_560bc6017870ab06,0.012890658366849552
ck_fd78f8a8663646d7,0.009545162901015194
ck_4af5ec61ddbde1a4,0.06732390654816478
ck_c2ed04a9d218410b,0.010240008410751539
ck_2455d43bbdd2bb69,0.01861726496420212
ck_56eed7041add49a1,0.37727191264581683
ck_5f0be7b468a72333,0.004817754905893565
ck_19660cec756632ca,0.0205781070487535
ck_fb90408f4892a21f,0.027070086955941916
ck_833a65b86a5d9bda,0.004087665395940828
ck_2ac36e1dff211d38,0.03192837031997773
ck_c00e70606904539a,0.006370720150029149
ck_ba8affe4b9505a95,0.7465765809456366
ck_0c3dd22587b08018,0.06120650712785043
ck_618c4e5cfae99dcd,0.09924491315600113
ck_c9690baddfc4177e,0.004610011738725634
ck_59fae092fb0c4aa3,0.08569080676861923
ck_e03b7d0fa0b28f4b,0.012099046609050673
ck_d451d24c780b5884,0.018693586137708138
ck_e980d325b8dbb8dd,0.004880664797173636
ck_cff18e2d8c520272,0.008434368184364603
ck_a0e46b67e986ab56,0.028881986554556833
ck_3a469039a5b9d963,0.02130269476343669
ck_12cbb211ebd2b437,0.11272116786531768
ck_b8cdd6d6dccc4554,0.005044727936035495
ck_794ba5921cef50c9,0.04939309059996559
ck_2c7667f64edec2b5,0.013701967550657224
ck_7262b4e0c29c942d,0.06251592166093366
ck_5d818522cbfe2a54,0.26465323820251035
ck_de39c1947fb675ee,0.12520887122494603
ck_c021495606b4735e,0.005483680349397457
ck_1fc03ba33edd9e67,0.04252827266821739
ck_a6fe344bbf67f14b,0.01703149906496559
ck_963762210edc5694,0.02272075412305746
ck_d064428b7e7dc409,0.015994881131559727
ck_59be61b53d971611,0.01081083874409074
ck_ec8738ec663cd2eb,0.03466274118088875
ck_59d086fab5998646,0.01633823973583382
ck_bd32dd3b2cbb7888,0.9877402650169536
ck_ce0166addb93bbad,0.0015044247923910836
ck_7c0fdfbb447cdc04,0.01745978398934424
ck_cb1bd7635968ed8c,0.38641556915827974
ck_66f94903177f20eb,0.01827580817853355
ck_1d7cd5dcbcdafd7b,0.7476590661249755
ck_5e418a7c04437b4a,0.06800416537409149
ck_631ea1ae91ab333e,0.06822329987241715
ck_0a8029e79a5ae7ce,0.06722548099818217
ck_c4cca8278bdad9b9,0.005224821151335143
ck_4dec3df58077a257,0.30749002827874955
ck_609c249edd88c565,0.03709633827389052
ck_02e5f9cbbbf2f078,0.1792551889287877
ck_32e486859130458f,0.8922516115665591
ck_21ed2ea6386c5a07,0.0044266037747008255
ck_1242aa4496576a99,0.007800387619886319
ck_475ea9aa6d3898b7,0.18891263794037574
ck_fe1b1adae3be70a6,0.7869353697588952
ck_c5414d7a8031d4f5,0.011109904503458246
ck_ca1f6f01868e978f,0.015071168670884599
ck_5eff0208c74ec714,0.03586936215410938
ck_a315c9619a317609,0.03760400472946741
ck_2b87683c90acb852,0.07544818182552653
ck_7cd9f39c50748ed0,0.008715301881807599
ck_16a06d58d71935bc,0.2012183949992709
ck_d116e0e7c19b878e,0.5534443502518462
ck_931510e384b1d0cb,0.042066326784344146
ck_e7651fb87bb24132,0.004484843342349039
ck_88ef9f85948e1a01,0.015179060694392383
ck_17bf38d51115a8f3,0.004218340762286253
ck_2659d1d3762a2825,0.031326530370026556
ck_a7285955e2852686,0.03498312454918247
ck_f2c33d5b65b321db,0.052185120736033534
ck_83e5979334345622,0.05111373832106946
ck_629537d8b4d0f395,0.01370876582303355
ck_72022008a92c9386,0.08944225893825195
ck_2973b8274f0bf69b,0.030016630710394714
ck_565e3418d2f4061c,0.02333552161419106
ck_54bb53b8f8ea32ae,0.9965330392475792
ck_af0a6540ea7a36b2,0.023248011174118486
ck_888651bfc2c8cf70,0.005092863847976545
ck_1dedcb48ac381a1c,0.24807780957791034
ck_f73273e220296be8,0.040993242386620846
ck_8424bf65223a5a9e,0.006353718624081923
ck_337b930fd149a696,0.015655080535860944
ck_8a4952de8a123ef8,0.016078320074820802
ck_884168153c9c0c81,0.0280259983784583
ck_fdda581aec411010,0.0038314299892304587
ck_2b7cadbc8b180d32,0.9113334503264656
ck_8aa8b9968233a1ab,0.004770816745306381
ck_0af18b3ce015d294,0.021966742255136198
ck_8dde670a735d1e90,0.2906717878422691
ck_62f46226f244139f,0.09953938362558756
ck_f948e8a8fdd79b4e,0.010236336070511729
ck_fa00aa0f3e859904,0.04109334352572686
ck_fc7935f784a4f249,0.021869311340343145
ck_e7501307c0698e5b,0.04309494404587566
ck_549ed417f2834cee,0.03812345112119794
ck_fb2a35571ec719d4,0.22377059635155147
ck_25822068c86c856f,0.002076797596048113
ck_8f35d229b62c8f23,0.018611792829687668
ck_bdcf049c1e7d0c95,0.01692493177035982
ck_0aa9db36eb16422a,0.004088667324769978
ck_42dcf92e9e016922,0.04547619759576024
ck_42341cf31c08c981,0.0077811534006955695
ck_0b20bfc515ba42a2,0.010757143954400713
ck_0ec820b670d48098,0.0023751777065780114
ck_1f0bafec397da8e4,0.024940254207470824
ck_82f07504ab59ed33,0.318220490384286
ck_337b24a474010abb,0.998301816827809
ck_703703bda38fdcf8,0.02384008374001562
ck_01e7960c63dca3a4,0.9543279602240872
ck_be5bd81e3715cb8f,0.8970658850106895
ck_197f8058cea1fbea,0.0020268504100012046
ck_eb3fb1106f2f1b21,0.13242878033106747
ck_658b4b54be09a4bc,0.9664072556471375
ck_266ce7ccf41ccc50,0.0745218057076029
ck_110608c3b03d4038,0.5741262879093338
ck_1be8cb95d6d9bbf8,0.004024270427553198
ck_8e16a64a776afa82,0.1536050559156332
ck_34bd190d37eda534,0.07092522728194661
ck_4f521611ae14ae66,0.00838466822346268
ck_d839798f9520363e,0.3692245688682724
ck_d1bbfd246c0ac9d5,0.08108337875013176
ck_f19030e6e85a6776,0.1322454429424898
ck_cdabe60ab59f9d5a,0.016766438151089347
ck_bb84b2b30293f566,0.8211240466698174
ck_427b91925952cb40,0.06561764263302697
ck_1078b1e155b5b640,0.014554619907350685
ck_95fdc264eac72fa0,0.009656766148149278
ck_e35eb857c61548b2,0.8843141580273057
ck_69bd0b1abea7e1f0,0.5277984977975524
ck_59de511b20c842ba,0.0971848207661991
ck_168e7ea341a36b80,0.015097891419888002
ck_4937cfa6526ea138,0.040506889958253696
ck_bb1a981306b750ac,0.10368028351635643
ck_f42a43e4c3f34ccd,0.016596258600087625
ck_c7ae1d4b3ab38185,0.006104516849775031
ck_bd23cf9bba1dd33f,0.05742546312322301
ck_0fd826fad7ec7cd6,0.1442957290959933
ck_f143641bf3dd0414,0.05370278723549087
ck_ad6d48c20a3688a7,0.003835972828332665
ck_7bda5b5b927b2905,0.1698539726514685
ck_a337eb38eefdcc88,0.09915440676483875
ck_403da2a2d800df9f,0.4301024606651307
ck_aa01d5aafde73d0a,0.00729588552479946
ck_494954023f0eb309,0.16131745129211972
ck_1c6820fc38135ad9,0.05531969639342082
ck_0e0bab173622db9b,0.3125739786286461
ck_547090bf35a3b243,0.027537848120994888
ck_d69455220b21dc9b,0.009434773607649535
ck_90b4ac695b9c6bf7,0.01766624114665815
ck_8d2afe17c0082e6a,0.038628608672790825
ck_926b81c0ba528eee,0.025392895238030188
ck_ce36b0c287bd198e,0.07653937454075638
ck_8026e017909aaa6c,0.02072053588443513
ck_dfba788f35d4c372,0.05314087195240546
ck_f09f9d0e0886e0c6,0.018290382886247333
ck_4ffe0366df388604,0.11103485304416733
ck_75bb521de55644c7,0.016313423480691078
ck_81a960fddf79ecf1,0.9821409501917944
ck_8f43459991ea511f,0.006287158440137531
ck_f878b68d66fbfd4b,0.0037796074757865477
ck_e84abfc0c747c9dd,0.9687021917451996
ck_3ad3fd3cceb56b66,0.9769594851416946
ck_7cf562578c7f158a,0.007756386283670146
ck_f81a97d350397306,0.09359939767587903
ck_255d87b7fb40caa5,0.0478594295966232
ck_b3905153b9eee924,0.016559780750908075
ck_2c80a592fb4cd6a3,0.00389993580902769
ck_57deb202d4188a29,0.007474207741984173
ck_e3cb5f31d8e94448,0.941198525527401
ck_0db62d5f7f75f80f,0.045579171810534114
ck_ced9163ea85589ea,0.18538694887859788
ck_e16528edc694fb33,0.9857755988905201
ck_78cc5ec4940fec3b,0.03932012111653902
ck_31742076e9a998f8,0.03950172463901645
ck_5ac335f02280271e,0.09226744521553881
ck_7cc2e091806cfa5b,0.08280551601142155
ck_3152c7115257f084,0.028706961705947144
ck_ab1b9d019921bca7,0.021524241600388683
ck_c33a762d98f9b290,0.007367778843387673
ck_b16a7c51b6f7a6b1,0.11306072931849705
ck_97402a153348e68f,0.004319309136978908
ck_95391029a21caa24,0.1728905077163132
ck_c2015a1200971fe9,0.06122398769254556
ck_ed4427962c68918c,0.9459092030780148
ck_c5e4a17d3efb19a4,0.8166569053119809
ck_8aec3d3dd51517c2,0.007113414593292222
ck_f5178a658225d8e4,0.007513194705442998
ck_8594f165e95316d2,0.008620473436132235
ck_f0c4aac04076a6dc,0.02870120405648568
ck_ac2f7397801036ef,0.12023160127942273
ck_d1ea4bcc407c7d5e,0.009200679450805212
ck_cce8b6657a538fe0,0.06233972240463638
ck_66d0c6d6b67a8d58,0.006668505000355794
ck_1a6b30320835e57e,0.03471896957089925
ck_8cd274cc85aa35d1,0.05015864796734965
ck_ada46085a78280e4,0.0551929347416432
ck_ce1b06623e4a815e,0.03861491948840068
ck_45e70c8a9686580c,0.09078623251848161
ck_0084d8ab6b1044f3,0.00403434465788933
ck_a5f7b6fed6df2aba,0.06400394519703284
ck_94940d783e7988e6,0.022027846040169403
ck_00f9ca84d1d8ae7a,0.0054930459608054615
ck_0deb56f3f6452818,0.010318390559788067
ck_a58e900469dfc3f0,0.07456150415507101
ck_028c41b195280980,0.015879023730829018
ck_7661d7ceaeb19f97,0.02577348223712898
ck_6957905a65c47879,0.054455585652744325
ck_f7c6c26ef3c4ae06,0.09708779187638096
ck_8777beb11aabd66d,0.05181894004225977
ck_7db098a17374bbf8,0.9830354095083537
ck_66aeb00e44486cda,0.18389560297466556
ck_838c52cc1d315ec3,0.008735303694474424
ck_1745847cd4e5dc83,0.08986454948076587
ck_201687857ec8b3cc,0.047952152144634816
ck_81818169208a8cda,0.04745678920856808
ck_3303fd3f64632c7c,0.19658492958567614
ck_edf1096809e83ef8,0.004192850238049619
ck_235ce9603c7dccbf,0.10917959329873426
ck_9df7e153868bca13,0.025827289662641924
ck_3cfeade2cf270fee,0.019189020440076858
ck_982b0bf2e2b6c4f7,0.01410725091323401
ck_faeb0da678bb86c0,0.010824668354791787
ck_e86ad2fe815b6ed9,0.06068733747312384
ck_70d69e5d1bb99e85,0.059450642966732484
ck_7e9a8924eab779e6,0.9242565318403738
ck_019d5891103e7da3,0.021891627827589615
ck_14f0484b3817eda5,0.008130018193902902
ck_85de63d278f0fbae,0.01348601856557011
ck_ae91b4cff57fb3bf,0.0041330985789497995
ck_2a6d43b9f883b78e,0.48784714919220235
ck_7a4e3d553e8ab5b7,0.3421582260142565
ck_fdf89dc69f700f84,0.2165989013119831
ck_f92e04024bf13558,0.0028151321658466317
ck_4a522ca2dc4831a0,0.001328678977357148
ck_68ba25dc3385fea1,0.03200943259784808
ck_22128a4f0d033422,0.046118075402420654
ck_5b52ee0a13c71590,0.04312491949509011
ck_59472d17debedafc,0.022083765405603983
ck_9dde2c63acda3ba3,0.007509978189403064
ck_7510b1023cd08531,0.036872128257793034
ck_071ddaaf2e4e3671,0.05972223466181097
ck_1355db6f4010232a,0.08716790680717922
ck_0a7adc2f27f98510,0.2476477973468855
ck_68250033717cd59e,0.00325957750672986
ck_7c12de74de30b788,0.8145058662921455
ck_65491367584c730c,0.06290989064534498
ck_e9047964952bee70,0.105182956200215
ck_5567779d6ba184eb,0.025350602759347862
ck_d6ea026357ec6477,0.014033020638732812
ck_cd7dcc884e283746,0.056070610854696834
ck_0bd77fea8ed75a15,0.07102935056578807
ck_e80883208e8d0453,0.048138044255259076
ck_2ad0ecbacd5acf8e,0.9944488085801584
ck_6c1dbee7e8fdd5c8,0.028275664964855153
ck_ee4d9a7449515908,0.002637283308811267
ck_636111f7f030496c,0.02302795899727803
ck_2c629c657f73941f,0.045074158158681016
ck_c1c9d3842d758420,0.4831880809711518
ck_e4df7faacdfe8c40,0.05196948012768394
ck_94e8142728e44380,0.08532253673113355
ck_765aaf42c5088545,0.04200278638310963
ck_e0f845159b6e6a4a,0.12274332773323485
ck_5bc07deb82edbad7,0.014121605121809155
ck_713159c5c6a7a4d0,0.9969817668298983
ck_b08afc91d9ca55db,0.10119383236540631
ck_a7bc323ffed2ea97,0.49659272368837587
ck_85ca825f905a34a1,0.07148075836881161
ck_33160c443d4b3f19,0.03751077309543105
ck_832d39c590a3ca75,0.8961582899677725
ck_7d1661a34164406e,0.9880982720002072
ck_c2466fc40fc9d5ed,0.9888455401240176
ck_ed0e776c0926ce67,0.12172179010102267
ck_cdd2ebeec75bfa69,0.40970701559967976
ck_d7877684c7923ec3,0.024805230742862668
ck_7384d4d2406aabf4,0.02291973371100276
ck_b8e5244e650aa81b,0.02934632247012126
ck_25a1ea40b2d59254,0.003925731658027255
ck_b9e5b318ee4de68d,0.01737826737429527
ck_620d7ae27af83cea,0.04373790492015801
ck_40b4e264d1a12b83,0.8846138346398614
ck_b694c803b62862b3,0.008940962748931216
ck_cbeca201dbade3e5,0.029422616715201102
ck_f9b439c9161c3e52,0.09470898771803424
ck_9880410fcd10a28e,0.0028641452631045935
ck_74928f5f91aa12b2,0.20505997257676611
ck_b6673bbe61d2680d,0.19037835965235864
ck_53c8315b5c30acb4,0.010860719163235751
ck_78f01d78ea79642f,0.0436871113013419
ck_8582490d6e365a63,0.051538369862529694
ck_af25c72d16299258,0.0036676078846065436
ck_7905fe8e257b0449,0.20723532932140593
ck_0d16d9349e4a9e08,0.016640153269477508
ck_31b16b8848584e98,0.06493624674994883
ck_67207e3eecc02d76,0.11352389038130649
ck_e6b95ff91116a592,0.025815597485513368
ck_c08f622bcd6de6e7,0.05856227087648517
ck_f9a68da9e0f0bc85,0.015301226416686626
ck_4072b59388976896,0.009032643885258746
ck_8ec86e853ad52828,0.15111030148747584
ck_4fecb87eaffd5cb5,0.0029670924167740664
ck_d6880578428b965e,0.19760356887437325
ck_bfc82b3c1c9f2897,0.8698484943310829
ck_c340644176ca03e7,0.0805263052322936
ck_321e740066fb05c3,0.6030153300932363
ck_8929d2eb09872052,0.08450539121930283
ck_205c107cec528414,0.4511586895673233
ck_e76db7d2562f9836,0.055579637679346136
ck_9ede51c8434cff6e,0.039234427742016374
ck_492e4b89c61b7b6c,0.01527118617996656
ck_9385f5a1eeebefcd,0.13293631508837242
ck_ee52c7bf88f952ab,0.0337586793052663
ck_d8116c34302021d7,0.008445478311541245
ck_01645ea51972e99a,0.08776790578486054
ck_7b45ed23304a854b,0.025546528328587673
ck_2096d32f3d497ea1,0.1409660706940402
ck_dfbb2056f1ef7d3b,0.01890456603879454
ck_938ce30c864bc7df,0.005750664755077281
ck_ff30dda2c881a4bd,0.6566723201076055
ck_f88c79186a082beb,0.06729617658898016
ck_08c7bb0f9851cb76,0.15924311622821588
ck_2675e7a008e584a7,0.0271272394027123
ck_cbaf8a954281d4e3,0.9480303284196071
ck_8b24eadf6c72b30c,0.8664755118751339
ck_ffc8e3c1377d0706,0.005622234449887824
ck_5b59e859bed5b40e,0.036440686391158585
ck_7b61717f172f9317,0.9312512734366866
ck_e5c30947b732f661,0.4961602256220647
ck_bc273f3ce79f7e1a,0.008614494508889077
ck_f69e93388b3028cb,0.38853807739868584
ck_3837ad850996ba60,0.047198910878219334
ck_36d78ff3bc033ee5,0.018164125750190864
ck_5e20953547ba4135,0.3588568958678727
ck_258d661e450ac870,0.010520087137066675
ck_1df66f537496ca59,0.09781000104747872
ck_361f535599110201,0.012621405840074228
ck_337e98c69f6e7886,0.01779556430370283
ck_d3d5b2717cfc3913,0.13470565202492948
ck_b1dba768dbe7affe,0.06244337983338158
ck_92d782bd9ce0d1e3,0.03508476549615845
ck_26bd0f8898afc8ba,0.005329003993731099
ck_7916e53daab36745,0.050806785013909325
ck_2caf553b31831a50,0.010530973084923378
ck_c6200734c7f9b2f9,0.9428023831959477
ck_cdc55623cb16e6a9,0.06192273145528239
ck_57849e15b61c43b4,0.006836276658880405
ck_b7af9b2ee0eebbc6,0.030139784262869975
ck_00aa5fc3b3bc66aa,0.14628704339539908
ck_9929723f65636c7f,0.9939403194524895
ck_8f6cce9f69912983,0.015103674900092042
ck_c422ba389ff00781,0.011606259323114059
ck_9ec7f334604a228f,0.07475582369723478
ck_5d01200ba3341462,0.021554139286528325
ck_2bf10be403849c9a,0.04170310516070527
ck_6ca018259f70858f,0.006515982942451494
ck_a54dc042ebb7c766,0.500387120168678
ck_79da63fc100830b5,0.027025798566437574
ck_67ab6f9e05c85085,0.045092665809311774
ck_fa80da579ea9afc0,0.016065411836690927
ck_4339f86c87289222,0.6858254901703712
ck_a2299b4f530be0d6,0.7218012975209046
ck_19db0bf788697c2b,0.05765697547826178
ck_fa4211c4d826d830,0.006146216536809667
ck_96100d5e8e051e91,0.011106484149739781
ck_5c3a671883d58b3f,0.0032581416803316872
ck_2d9524787cfe1ab3,0.5001727012019024
ck_47ab8e51e5b3a2d8,0.016291686263551538
ck_c924f36bc1bbbaa3,0.01093552406885256
ck_5c58e7f8fd55e26c,0.007078747070585281
ck_a07e7409d6d5aa06,0.053541483245810394
ck_c8413898f5f7cb7d,0.12062693421394893
ck_577c816b41cab002,0.943653209025959
ck_9f7807ed64cdb728,0.32422609270180797
ck_495d814d6d6d521e,0.00626279935071336
ck_7aa8bc018c2b003b,0.009136447458103837
ck_7c3a6a82f3c3241d,0.07033493418169073
ck_487f7fbc290e4ae2,0.020736350761499607
ck_e556c4d36aadbe03,0.005885353581482346
ck_7e6569a1b2455cb0,0.023594146964066927
ck_de2924955926d046,0.016247000765546114
ck_73d60b4630e3937a,0.016842219642287985
ck_805ee564bd35ef15,0.09932866819316843
ck_0d40961e47797027,0.02999633751254487
ck_f06d00a4f9c87d80,0.00545935947453395
ck_5ef50fb07b6737d5,0.025626470794332244
ck_16541fc15683e21c,0.01285984345358829
ck_09fd43f1b7e2eca2,0.008473513266816888
ck_2a2c336a69b8d68d,0.09379515275056127
ck_2685f38930866af0,0.15416796527135618
ck_298278a9da874437,0.011855674156228698
ck_00bd7803f2530c68,0.04521146682851096
ck_c2b4a1d8c0b6c1cd,0.0055899795107187695
ck_2acb54ca20c3af6c,0.11162665794718608
ck_e3d4b6f681c783ab,0.1340062271298534
ck_f90293f1eba5d7b6,0.20024571541882288
ck_e69d27e8965df0be,0.007085831658614132
ck_b7f5d10b427346ad,0.02371487384545675
ck_1ce20e4223a936b1,0.019002070441329334
ck_6b97d1ab90f6bdeb,0.09418961820928451
ck_e30e17db5473c7b2,0.005758297552521089
ck_154c8efb19dee665,0.0073687926062343916
ck_6f5bb0c930644cae,0.998295396389723
ck_9e17699baa83d173,0.004840703685653494
ck_9693b1eb70880205,0.019402373731049145
ck_1e97899875bb427b,0.022817358662164142
ck_558a82590f65df69,0.007013877800666782
ck_18df83242ff3cdbb,0.15688395489974602
ck_80ad4396e1084c68,0.11328758363253941
ck_0a993bc947bab61f,0.04700813694598914
ck_5c2d43ff841632f9,0.009285720853162307
ck_6e4b99fb9725d9fa,0.04163245065446685
ck_e0983999ca26c19e,0.2037652099865418
ck_6573c4947cc8607e,0.08189538195608796
ck_d879d645d6e44207,0.01281418975877314
ck_1375ad9f10688e4a,0.005847877546754482
ck_7501ebbf4e21f160,0.00822412159093747
ck_ca60d61cd4dc3bea,0.002789149107712295
ck_ab9ea095a5c58b4b,0.019485472354885163
ck_23756522b58df5d8,0.0061482373044013765
ck_90bc176c43d85fd5,0.5260960620662638
ck_908b663b2dda94ad,0.2158687683409255
ck_4df2fb8e4b649e27,0.005061395710601392
ck_5615c6bbdef05291,0.28540320117945983
ck_b62f3e3185251f71,0.0077833407663126545
ck_38d1a22850178f33,0.008960404617483592
ck_5b3ba20c8bb1383b,0.04754450636335715
ck_5576ffc6aaf6f22c,0.0014243892716878045
ck_cf7a022178165e56,0.007381568580397378
ck_f2c7a4c50e2ede96,0.012685766887514851
ck_285719c77eadf915,0.004102954064680128
ck_f2aa1b677619ab19,0.05544002607557139
ck_3830c58d841e9e69,0.752512248394292
ck_32eba3510c8eac5e,0.1659845117342688
ck_8955d7b9030d5eb5,0.013963051829948456
ck_6775e387dace7525,0.1151357496690699
ck_0a0cd7f4be606a93,0.10387979750662445
ck_a9f700eee5d638df,0.008309755246923229
ck_3d7db96995745472,0.10234945094375136
ck_aeed557007d52e9c,0.0012289777881022673
ck_79b6a86830156b5a,0.07524682636037672
ck_6a1ff9d69466181c,0.9951876221494713
ck_f11b1565f986f5e3,0.027340138646406196
ck_4819327a78615485,0.0028949130649148277
ck_3ed9e081959b2f5c,0.007328331736555315
ck_16af4be191c47d3d,0.0016536350069446372
ck_25122cc0e8b1a662,0.17098497391427903
ck_509c22828d467ba3,0.05829245948711154
ck_31109c899336348d,0.007019786029330235
ck_c51131e53baa59c7,0.0038519296067986574
ck_cf8ecabbc61d3e11,0.021912393012509947
ck_eb6baff0f85ba936,0.0506620475060404
ck_777669e2243204f2,0.9688059334207367
ck_ac0ea27e692acdc9,0.10823474059194603
ck_4c6ea04ce8ca9e2c,0.012082513222366243
ck_ca54b32fca7e94cd,0.005099249802090385
ck_4dfd8947f540eb24,0.03764602220921631
ck_95aff1fe27fb24bb,0.030846999867906257
ck_c7550723b90e5615,0.005483642800837219
ck_57b3fee69bdf85e8,0.013005236935944712
ck_f823407ace7ff064,0.135718198296115
ck_a69084a068bcc8aa,0.29992626616632534
ck_c7b17f7b24bef5d7,0.03451876083622674
ck_7c4e588f927c27c8,0.04673445146616411
ck_77fdac602d0c6f95,0.1687098296901816
ck_e963d8525018d072,0.04413392235873496
ck_6e8ebaea8f7bffaf,0.004172226724772603
ck_aa42976a31cb7770,0.015798827400005447
ck_22c862a496008c96,0.9990139579210043
ck_527550dd15f38782,0.0756537946002932
ck_b3ab3c210e2c7c19,0.03815324028445457
ck_ed9c56fdb9f45ddc,0.44114686758078353
ck_b53281da70defcfa,0.023206803963165757
ck_03009b721568ee98,0.03862173168826829
ck_3d9afd862b3f4053,0.7336091071949894
ck_ad3c4be96599554a,0.008272366422727379
ck_d1c787c27d50af49,0.09101617016363726
ck_c7a9c7b2eef46a99,0.016062352324861688
ck_53036d3c6c74446c,0.4740344359892644
ck_1b1efbd9c0964c8d,0.019918529280070145
ck_d66f42a269d5c1ed,0.10647563642025916
ck_fefc49a2b8ad993e,0.039177926238652884
ck_8b3b874249adece9,0.07973104460117222
ck_193d9c87ad3f1dad,0.004061914258173026
ck_0c6a50d747593b7b,0.02637961982058519
ck_c830f3830875b47a,0.0756364711947567
ck_79e202f06d8dfe42,0.051484652387135184
ck_5c0fe988b8aa7fcb,0.37890235130235034
ck_a8382d8345f21e1e,0.010284522483160906
ck_8cb20053914692d0,0.10227674072211083
ck_1da2f69023ca4c13,0.00901808270078931
ck_38abb60995114f8f,0.09675698076667665
ck_f5791fd8fd8fd191,0.10542733573232774
ck_a4e6fc391b674335,0.5170625410248831
ck_bd771efb4a7e15d0,0.031901175367925035
ck_38ba4a6b6a292054,0.055272037306481184
ck_f7a07283345a0dce,0.01496329304296628
ck_87dc484baaf5a23a,0.0035033098518714814
ck_c84ef83489badbfd,0.09132373982283432
ck_a397cd64ec5d644b,0.012564942677663353
ck_7977135c2ff61e92,0.01308800871486123
ck_52174855b243a8b0,0.17511710473562675
ck_0f35e930d0614613,0.9980047496331923
ck_b170a7db522a0d6f,0.03642780738420894
ck_7af748a23775bd54,0.16307602747049735
ck_52f641c9ee6fda70,0.005101283771842058
ck_c3719a30414bbb4d,0.019281633512219894
ck_2baf214ad6bc0dbf,0.21234105531225542
ck_8b39d8aacfdd72b4,0.018384537893707042
ck_d39b0152116203be,0.030326119648957546
ck_ed33f8a937f9c7c8,0.027231619360491566
ck_8ef97b55a5fd6ec9,0.005722555094889905
ck_8247f008a14bd1a2,0.0039093569058914505
ck_f0d349d68249d5db,0.009894416543843543
ck_a544e766540861fc,0.08496778894786952
ck_9dfaca4c7c80b10d,0.14722131332273314
ck_7e5401c362b2216a,0.0026208381022175225
ck_64ff60c073fdb6db,0.058743379131921576
ck_fc5ea49518e5d637,0.014282681998441358
ck_580f136ced341298,0.011065157066978753
ck_9cbef9bc95449dca,0.010252538467539126
ck_e475a3b8ba870a7e,0.02735655919889004
ck_97e94708bcf43563,0.0355198750630693
ck_13f03ec785cbdae1,0.004128424979752257
ck_152820d8817f478c,0.02095805128604147
ck_d20d4ba60eec9945,0.007663374459807785
ck_5c45968a805132e0,0.041917053637201725
ck_bebea2cf3063fb24,0.1249332730798666
ck_c3c69aefe7ea1d2f,0.07263340152046363
ck_02028b72f26fe855,0.020189511455961512
ck_dfadff70a58a9133,0.009420720943693752
ck_6482ed4491bedcaf,0.009857949187958893
ck_754cd7b4a5ae3f94,0.030154048052133915
ck_3132857aec8485bc,0.0033093325551825023
ck_7ce4ca91b8f9f1c1,0.044345692156976445
ck_41938582f4351772,0.018632322781328575
ck_f87d66946252476c,0.47002705016564367
ck_8053f1879a9b4e43,0.003963976759446523
ck_93892e91387f5103,0.06861383115531591
ck_15254db133b28371,0.06603705493196232
ck_d557b9feb241b3ec,0.006117907089993263
ck_71c3a8e4c12c989f,0.008179193486082372
ck_80e3041811033443,0.06496252758426863
ck_3380d60067b4634b,0.005654516384890803
ck_a9c2cdc758df8510,0.0753718982666662
ck_3c0031d7514da17b,0.02336003346759301
ck_18d214b1418be39d,0.00546994946800089
ck_7ce768407fd48321,0.038153948483068176
ck_7a50abd42298133b,0.021671689228118414
ck_2db10f987d137582,0.022332919994749387
ck_e077d004cd1d80ae,0.04798486071265864
ck_1cb6dc67f9a321b5,0.182992751508924
ck_b864f64101149c35,0.1364341079528999
ck_9bedf54df9418e4a,0.006241399485545513
ck_c47e32c47f0e6578,0.3353518987673263
ck_71f382d5e338daa3,0.012832056271166495
ck_14b4bf7be6ac2b61,0.20430478906422833
ck_5c87eea1cc07cc92,0.062039502447738024
ck_5f445182829ef342,0.06115141307139596
ck_a5d7311291caaa54,0.022152849546033884
ck_b7df99aecef385e6,0.06481323037926241
ck_3327a0582407068b,0.050153417179120634
ck_08dba09fd7dab896,0.031957878669805824
ck_f4ec334be5266378,0.011155407507973832
ck_240f7f894c5a86e7,0.021177673061334775
ck_a9d994554fc14a02,0.0014646441449268938
ck_13648cbd306eee6d,0.010709835903676879
ck_601edf9105b3c321,0.9859330318069327
ck_9527adac182abe57,0.4455965321955052
ck_4e0e80f5cc271bf7,0.00522358950249587
ck_96a89e720176b389,0.09138934491176258
ck_63560eec94b76d2f,0.02694896449595537
ck_c9c99e5b19aeced8,0.0034035926936200316
ck_bc32655ee5ed643e,0.07412000326003378
ck_edccb5a93b741744,0.03872659703160164
ck_f786cbc987b70930,0.009496128509112342
ck_0e8f26536ccc8947,0.0531452078531471
ck_b87ef4b98cfcec4c,0.07480732664120737
ck_1a9235812de4b2c1,0.04508025063699644
ck_d1ed88ea4211ba4d,0.021521712527680963
ck_a4ddac49657a4450,0.14228928281132489
ck_d9ffca35188e49d8,0.016762598317087887
ck_3db73bbe03c3d240,0.00489322007971147
ck_fffa0622344a36ab,0.014640469730378237
ck_148c28df51bba5e9,0.796312308076049
ck_076cbc25c8f15fc3,0.9918061060626111
ck_e5ca550b39ed45bf,0.6037609815674614
ck_8dacf3a2061ca17d,0.05206477004307075
ck_2d7394afd61643d0,0.0026361829616368486
ck_e42206e91f6a1752,0.002887286918038575
ck_2f4f94827984c426,0.004311456032790299
ck_edfe8e90e8f4366e,0.009765590457041248
ck_646b15f753e5e9c6,0.0798887540818017
ck_66600620149c8799,0.007954841314308632
ck_4ff6fc70bccfba96,0.6099661410131727
ck_41af3729590c2484,0.013943770235279837
ck_920a48ba8c583e96,0.004113082810164047
ck_0253b3e7be021306,0.005189716956072305
ck_2ae6949246ea2648,0.03164521713278507
ck_db23a5100f338d72,0.054456207072805254
ck_fcb2a559474c3493,0.03973159729663833
ck_0a4d7acd2a53cbbd,0.02057678471761852
ck_c5d62b2b7a6f3bac,0.9771589766834415
ck_cf59f4fc0ea690b2,0.0029822962739583245
ck_837be8126bb19250,0.007488349635746764
ck_58955542edee1adc,0.01880385055305218
ck_1b93381d8eea58d1,0.015813301800046208
ck_97b8e05d62abdc14,0.05834442336209855
ck_71a0d645744302a3,0.034832741319146446
ck_a7b57882ab66b111,0.00541731995429073
ck_65f76421be648549,0.09792705590781695
ck_b53ea8713d32ca7c,0.02502526843791417
ck_991c4c924a1d85ff,0.8686393024269877
ck_8432ccec1a4ec7fd,0.9936882920182911
ck_64c1633297f43788,0.013432973014575732
ck_4291fd9c1161d8e1,0.05166524339427768
ck_5e98ed6391d9f429,0.08458289258386575
ck_c7baebe4549fdbb4,0.06664970011666008
ck_6e67225ba59fa5ae,0.19296090628180526
ck_719602def4d35fe0,0.07699938703361922
ck_bdee7c86f5ebe81f,0.0456606973153636
ck_8de38f8c7f91961f,0.055467695414257126
ck_b0b5bf9254700402,0.027052774018455603
ck_7b55d9bb1a250d4f,0.11186386522079217
ck_3954b7b0fd1d6614,0.001631553379804238
ck_f29471fe7c818d6a,0.006029879735785
ck_9e65a8a2f587691a,0.045639240767977395
ck_eaec5f1a83b66eb0,0.3907288730502591
ck_004fe0daecbe2c1a,0.013884885779474191
ck_d17653a4a2d4a79e,0.08391241109872072
ck_0dd417fcbf19e424,0.03951308322678708
ck_4c99a6eadea143e2,0.43148102381382647
ck_74d602c907ee9119,0.0029163235353841617
ck_1aa87cb62acc0ac6,0.012551679915136806
ck_094974d75e29fb2f,0.384439939762283
ck_5ef935ac3d4d3332,0.01760336042335918
ck_b26e4ae47c9107ed,0.35738480273696593
ck_396cea6f95186ad2,0.04702348382164211
ck_48446a9e8184c7d4,0.004091294402606554
ck_31e1ede23247d56b,0.14083681780288823
ck_7afefa349b960a3e,0.054522559774951206
ck_f5e02a3432571b20,0.14469306200782187
ck_64eefec062592c43,0.009602055008181256
ck_a1201284122c141f,0.10230647998462546
ck_1b34c420a4c85a95,0.019749802854933336
ck_d637a011332ba67a,0.02414858206623914
ck_99c0004d8b7079f8,0.01211165468406246
ck_948517bad569b40f,0.21172159527234602
ck_a28d6b1601b472a6,0.0768747546029637
ck_a0b4209feb31f5c0,0.9974167595966441
ck_d6d2c1f6dfc455b6,0.2844434414370678
ck_3f9e6d356d3dd3cf,0.004506656292142963
ck_d08e00c842b75176,0.010060328176430301
ck_bfdd232a7c5f2660,0.1135328573028954
ck_2cdad03ed069438c,0.0398489149044475
ck_42317c3eabd0a285,0.08970442849518788
ck_3eb73e56751c704d,0.060164204433183814
ck_ef33c04f4c9e3758,0.06873985822771579
ck_1dc23dc870f1773d,0.023001000634246708
ck_76091f357974a152,0.015604459372765838
ck_4d9eb75e8eee90fd,0.03319687314070963
ck_578f67e69e5d2cfd,0.014313893327188966
ck_3a8ce1cc724229b8,0.00667954444110405
ck_a96887f841e80fc1,0.02858951959980273
ck_d2d4a8f4a9f2c33f,0.0291134262853606
ck_11f85bc705dbe036,0.09341012669387423
ck_7429b3f87528e335,0.0283265459934504
ck_26df74feac7ec51d,0.020509603612705877
ck_c78b2638fadd91ab,0.022873803489894495
ck_7eaad325abe3b50c,0.015389829378628952
ck_fd44e34af620e606,0.058522044289990874
ck_f99738dff854e25f,0.003981197699274771
ck_1ffbce3a239bb264,0.011433063839649265
ck_96c7d52ba0a766ef,0.1347010274624826
ck_cb1c00c300af3f9e,0.07450072187615057
ck_ec3d12848ced99f2,0.010648239783005782
ck_26cfd7c3c6c7bf69,0.020609551332818974
ck_7ae86b5a885affc3,0.018598315755548562
ck_3edaa94d28cd48ea,0.014536336136364675
ck_3209c530c9812e39,0.05914803414018538
ck_ea62ebfc1f04b49a,0.019243885241549293
ck_5fc90b4668ea81bf,0.1537559113280996
ck_95654593cdebd141,0.0018723101260802167
ck_958c0bd61820147f,0.09828181100082199
ck_8440ef1386c07194,0.014493141945229852
ck_8cd1b68dd74b1375,0.35828174238028654
ck_c9eb4df91ff07f2c,0.15836671133238991
ck_c29489366c01fe65,0.8620774361622837
ck_c965fd6bec0f0ecd,0.0644483660397409
ck_84c402b23766e1f2,0.05599826057204459
ck_181f3dae03b87136,0.044008414590384744
ck_022a8ae79eb28cf6,0.9787551995804695
ck_469c17407d17b706,0.03160519952937271
ck_1fcc5843f39148a9,0.007269015850905432
ck_5debd55f361b2ddf,0.009678220543271894
ck_28cb9b03e89263f1,0.003603740117000899
ck_f067470743d3c7a2,0.04353318483173416
ck_d5d225ce41a1a762,0.03361763552926815
ck_15b4840922195ffd,0.04437895338026383
ck_6bcfa37c717f19f1,0.03999711368682752
ck_8d501a0386c66be8,0.46011110404131994
ck_1a9d6190c57ea7e2,0.3321357389090009
ck_c49832eabdac5bb7,0.02466969293583676
ck_b4331140b2e0d4aa,0.010557686443195734
ck_5efbea1befdefe1b,0.2938206405270215
ck_72ff52c4824072ce,0.044146550800042796
ck_ec3715add8bbb6e9,0.005132371050331125
ck_9822f8ed05335741,0.14198124359406206
ck_c3d7d3d12a1981a3,0.017181159560849132
ck_a115a7919ac5875a,0.1281110647688
ck_4dd4ed23e0b927b7,0.09128628934681225
ck_4c76efcc1ee6762d,0.02219887867200798
ck_3ad6e7bf452c9b21,0.07769080611373616
ck_dcbab304b55a42c7,0.042740653025898266
ck_24b53090faf722cf,0.016108693112805144
ck_187317383400491d,0.01022922346566429
ck_e07fd57565c94c28,0.14748538780673875
ck_740e760fdcd27835,0.029577241394917433
ck_d3796aebda1cfed5,0.960910757585543
ck_e541967c681cb929,0.03825784210886215
ck_431118050b834dcb,0.001175719485830233
ck_90f3655f0c8a0074,0.0019642698017596854
ck_13cd943777651aac,0.056300238518972895
ck_66accecabf3901c0,0.05962456526574753
ck_937f0da2306b2eb9,0.0164276118720231
ck_105b0c93573fd5b7,0.04826722672791197
ck_00480407160e0743,0.013067989684930803
ck_e032068be7b77d15,0.05357912173629435
ck_991b7dfd69098320,0.005252614547903117
ck_37d47cf0f34574a2,0.006425502598514852
ck_011551a596544f5d,0.0447083586252131
ck_9acd98f4fe2d474e,0.41746299868379605
ck_7c88d3d377bb61bb,0.13066011087870946
ck_e2374c7136c964fd,0.2851737356234424
ck_2fa8f2577116e9ca,0.14355119230822316
ck_d07c5b0321c685ea,0.6415472817246715
ck_bc736114a31088a7,0.07496027280966074
ck_32bb42f9bff197f8,0.09036714715728862
ck_66267bbad1f1415f,0.9921186514790358
ck_19988702ccd79201,0.01563406565586885
ck_f473a03fbcdbc4b0,0.01067374593432785
ck_e3f1d85fa5d49396,0.03151532405039474
ck_c4402ea6291df271,0.039585176301200696
ck_243bd5ca8c4ae5d0,0.010171489131317588
ck_f271e855925e8d6b,0.45532193069733135
ck_e424148c6f2223df,0.005998706932462251
ck_e4d0a9e1102a58b5,0.014896268114546979
ck_91c2a5fe69b9b1d1,0.036211944169148365
ck_5fd8924732fe403e,0.3683083717184647
ck_9a881d5433126ada,0.02447409151133133
ck_73cab88b29c7845d,0.14886543512668474
ck_5b5dea6476d4e182,0.03467322359927824
ck_ccccb17d2ca6ce94,0.12300867939519318
ck_cd1dc68e441222b1,0.9933655180300479
ck_8312c49b1431a406,0.02121942103845975
ck_25fea39897f2a559,0.027943173064697797
ck_f56200205280bddf,0.12276643118151312
ck_7336611650dcc088,0.0032762925987821242
ck_590716322ff147ae,0.147144980049801
ck_c82364d87875a1a1,0.039802545656763985
ck_fa4b60387d744fc5,0.00969514960133459
ck_d841eba8906e9a15,0.030421550032756435
ck_d6df562a79b9d0d9,0.026674845747586266
ck_59a14d2564193101,0.03045996754455932
ck_8530158e3d7f59e7,0.013239817525372717
ck_ac68d707006c12a8,0.06131181669783605
ck_976fac1bb3dd8c58,0.03593320043611668
ck_f854fba8f4adae3d,0.09429159303492213
ck_b98e9c3ec6e7d1e7,0.016399329408775
ck_803c0b4cf9d4bc1d,0.05030379792010365
ck_76997a33c3ea5107,0.0020921295157756113
ck_f1a9d832b700bda1,0.9405272394857503
ck_2bd96ddb8c323d63,0.9836500448554419
ck_9e5b7acf51b1b743,0.07846059154802992
ck_09169f22194fd6aa,0.15492291251156942
ck_6d69e092f9b0848b,0.010750049210714555
ck_9f83fa5a2d3b9049,0.0497636954746035
ck_57bbb19eecb4b87c,0.007698705659679899
ck_e0e9cfabb979f428,0.019317670072658742
ck_b1ff9edc51d42f97,0.010605994322323583
ck_4682fad271d47eb0,0.9902798616111949
ck_ab33fb754c818ae3,0.045888510184984674
ck_b456f62b80e21557,0.0069411317983347
ck_16340be3f2a7fffd,0.009203899690143298
ck_ce66831f6611014c,0.02719852716638012
ck_4610a073bb54d1b1,0.06140517375348877
ck_fd038a7d33a9d6e5,0.00421357269920626
ck_c8198cb4c461304f,0.03526394365105745
ck_1e7de58822000dea,0.014975867920961356
ck_b2a79dd3df560f14,0.1291686877485869
ck_74a06f347b32347f,0.02217523804322248
ck_c6fdb2972417c9bd,0.06951084948723985
ck_d7607a213b800bfb,0.05841389379001742
ck_df65967b8b40319c,0.011231040563516646
ck_329a73dbd585ee09,0.01011995602691869
ck_74991a9e85c3b07d,0.029645319455877513
ck_bb76609b79e0bc9f,0.01908095205199734
ck_f7fc1bd0b9ab1fa4,0.06449509568864535
ck_d111c98b36bdb791,0.0113074645875863
ck_f07e27d125497b66,0.059387963734423656
ck_093e3a7134e11d6b,0.03690431967795881
ck_862c7953bdea48b0,0.01924888705073735
ck_392cf2cdd515c34d,0.010707598442216115
ck_80eb91b0b4001084,0.1251493854844519
ck_5923f53b77193a58,0.20843982205371872
ck_8049f5fce32be185,0.9708480159076003
ck_ebc5a2c6cf88e252,0.10973428755461889
ck_9ea5872f14cce338,0.05931133038945383
ck_f7fbc95ebf584379,0.009690196435329953
ck_bafe82c870356706,0.9901557876130631
ck_278b36c5932d9bff,0.023800522072906012
ck_6a892dd5d05c1649,0.0244432994261233
ck_0734fd90b2cabd43,0.032016610008637675
ck_9b552204498b6762,0.03236682251051428
ck_f6c909c205767956,0.024069358814415076
ck_32f590e87bc3d715,0.001580922696293262
ck_66a8325f28be7562,0.015514076654410451
ck_b129261da9c3c3c9,0.004556238378717036
ck_a524071c51ddde20,0.03110186151951954
ck_ba576d6d4cb6130b,0.37319339648001726
ck_8d8226520722af78,0.13295441717001388
ck_c5b0f0d4f1655a20,0.044479027623084616
ck_61814ae9b6d8eab1,0.02198944343321292
ck_382ebf136f7fa337,0.413921657923012
ck_423ff4ede6a9f066,0.018666044378054893
ck_546ad962d04b7de4,0.902461131753056
ck_9473ea4a01c95f9a,0.07437362772826453
ck_9eb1da8cd35a50ce,0.032084590203193104
ck_de5eaa2cdbcb67ff,0.13655722729785566
ck_537cc97d0398c922,0.1029160110190748
ck_998475a2e4dfad4e,0.004019571371032977
ck_e62eb708d2688fae,0.026249873458791866
ck_ea623358f704daa7,0.19400768552776634
ck_b911a09f328dfd4b,0.010840951029814784
ck_4b3506b624e5193c,0.04126250020561044
ck_448456f96788713b,0.10074784174132265
ck_5d5ef9e75f65d076,0.03696001393103043
ck_3b74512f774a6e5a,0.013063494044610581
ck_a032e8ac1507c6df,0.7877192621973717
ck_7e2d6b22a0ae20c2,0.3258568316024214
ck_d80283209c963f11,0.007806912037989816
ck_d1157eade2ac3975,0.08677860930075632
ck_be48f583f79427f7,0.04841864726909532
ck_0027b5d4107d65d8,0.2524877004279673
ck_94fff69584dd3b2a,0.06431363279773915
ck_75fcda73f0b43557,0.018498208454476684
ck_a1c78972e4ee4082,0.023040383696105466
ck_f0982bbdbd122f91,0.01152311601201928
ck_3199b471575aeb3a,0.006180716019536027
ck_7fa947a0b1c1cf74,0.20894679504221564
ck_a60c618b7f0e4252,0.010497602655704222
ck_722ac47c8ac9b6c3,0.14829261202513336
ck_d44dc3839a195c8a,0.28164700123382996
ck_a2c3e82fab520483,0.04036043602318736
ck_6f8ae0319c07cafe,0.005981693720209563
ck_49886ff1e2c759d6,0.0572823185462577
ck_150a1108f936e6b0,0.010436959755580788
ck_e21f9f96f597695b,0.024440031068582457
ck_7297bff2b7fdcbc8,0.0030494942337643163
ck_ee949c71f4f702eb,0.9936600500306821
ck_6fc37dea4b4f35c6,0.33506127446043976
ck_e76257caa98dc25d,0.9762384677519351
ck_828eef2334e17b3a,0.031562999161377926
ck_604e1b8a8c693aa7,0.08948886368248309
ck_7743c9fe037d1f9e,0.050191522438430995
ck_864a11202e19e812,0.4644833069188092
ck_4ec040b9e3785e4a,0.016657544476591242
ck_7346e4f820d9c00a,0.9703013610857552
ck_48d4d63beb26b623,0.020334202589622694
ck_c423aa6de3ed1e01,0.015429368576100824
ck_d74b2ead8aaa3f73,0.012665693516061075
ck_1dd69a11daa7bf1a,0.2388979333897918
ck_d9143e236eef177f,0.011472147390857557
ck_f790d91e5ff0eccd,0.24380192792888836
ck_69b5620e00ef5dec,0.0009860079532977386
ck_cd32e58e8a1c0e85,0.08237994355303165
ck_064013b0957d87a5,0.9905040676207127
ck_a481385c2e60dc4a,0.0029816346268546636
ck_d72035cb29db3aa4,0.020473923881895378
ck_3759939a0205306d,0.023150699945846426
ck_f437a53fc832ec95,0.6466629386496314
ck_260ef2f3e6434819,0.21370759057161728
ck_35e411b05d22f663,0.0471430760605094
ck_8bf46e472f3e20de,0.19404208494191952
ck_d546994fc5d3e9d1,0.01005180270900342
ck_6ff0fc7487e737e7,0.6193394809976928
ck_5c67f27816ae0b6f,0.005100382265395192
ck_c5517923458106ae,0.013028331713385901
ck_d9735647a6b0b0a7,0.8499347799511606
ck_541a734fc457246f,0.1741557664410741
ck_2f6a639468f41043,0.016806523813290102
ck_bea2cf7a6b7bb900,0.023025988154997106
ck_7eebd0e6ad6c070e,0.011580560179754066
ck_b64c87d5e3b10e6a,0.9731609453597139
ck_9dd7daacb7833233,0.09508732347518695
ck_396e9ea9a6c6d7d9,0.039864158074155734
ck_1645e6cc53fa99ff,0.05158171462611298
ck_ea2a83ccb8d57490,0.0040302552778641075
ck_e64f0df63e1be595,0.008116101386803434
ck_fa0b234481cb57d3,0.10856740174458411
ck_63379e3c9fe6f711,0.059433036492544715
ck_c67f7944896a0310,0.09430962388173861
ck_c10e54c9db29e6ef,0.9892451955122349
ck_7184ad7709ae4c80,0.09863566945257586
ck_f8b6069d7577fde6,0.018143954263551115
ck_18444be153bac1ca,0.9079448196979817
ck_d0982b4e0e118e4d,0.01984646814803298
ck_6faf3e6820398866,0.019704046182170223
ck_97e980463aca4644,0.006627252254571458
ck_630c835243c66b19,0.9955102370474994
ck_fe429ba3e1aa0e4f,0.012648637112801925
ck_1058129ed7b48c59,0.04043210177626126
ck_04a1a46f07885296,0.032421468729449246
ck_f01e94331067edf6,0.0365363127059234
ck_77b2fb17c29f5e72,0.022907654870163337
ck_4f0c5857da45fb28,0.1871727745676674
ck_2cfb9a7775e8a5bc,0.9780038181527879
ck_6846100e43659bf3,0.010653891528800108
ck_f89719a854fe11d7,0.06242271572273524
ck_bf47375e41ca3bc0,0.004979692514961503
ck_2770b0400a7bef08,0.20973993140647723
ck_2a09d142de1c77ff,0.02761992466910112
ck_857a1f5547b9ad68,0.0306716700671635
ck_185f15b1523bbcf4,0.0036788548660865767
ck_ab2aed614ec1cdf8,0.0512609928128817
ck_a9e7f3b2d5dfd97b,0.02127624003656324
ck_0eeb3d9b3e697edb,0.04890548689075863
ck_fa5830d81bc8ddc1,0.013934522275168703
ck_231ae0329ebc3220,0.10880675624658416
ck_1587763dd54688c9,0.02071014008285469
ck_9f85fea4490c00cf,0.021569793847600847
ck_a2d709e7eb91e4af,0.11220446653730265
ck_43637d28c7216453,0.011318485682937161
ck_f3ab5dd853d38252,0.06478115293762368
ck_4a1f0172d3bf4fd3,0.011737618285615335
ck_517620ca16505af0,0.013854471923023021
ck_9ae904fbef56065c,0.0032958093336387176
ck_d5ef1f6e34bb35b8,0.09627636500755053
ck_ff42557857ae3aeb,0.011540984017470635
ck_ad9a18f58589faa7,0.017177364158396016
ck_df1a6edaa3e6b271,0.011438365085689552
ck_99021fe7225b5a68,0.1619802945211629
ck_99e52c3c2530b69e,0.988318512427326
ck_3a4811dc4a1a891d,0.019811997129056635
ck_ba3a6be026c87079,0.02076051909910374
ck_da6d1e5cf6aba6fd,0.008494825614250096
ck_ddc7c1f3d45fe6e6,0.06010471006763004
ck_e1b1e7a7e4a15b3e,0.02147790836126627
ck_8288f7f226e08b89,0.025717555687286755
ck_c4524993ec31dbe5,0.012857998744449694
ck_8b19bb5b23b6741c,0.019840193323820456
ck_d21b38231a8a9f4a,0.1953517321632183
ck_3f730318a9792292,0.04458599909183861
ck_a4db6e94a8f77f9d,0.09767032439978414
ck_a8cac8d480306839,0.003655109925756206
ck_5472214011fbc2a7,0.005813127105889545
ck_7356f47dbbbe7904,0.0426250810344733
ck_16801e628e883d78,0.022553603517586413
ck_0dc1e536231c4860,0.021673132968208417
ck_7cd0634a6e60af83,0.01455622284516572
ck_ef6f8e048ae1bd4b,0.007354038300926541
ck_82f3f744209888ac,0.036948973464749846
ck_f33188c232a03526,0.4922811296102171
ck_4a59f4e10bf45d7f,0.0014425288905358705
ck_d96c893721385e4e,0.007373071003275098
ck_f65ab819373edb37,0.07539956761349335
ck_21cac21fc10b7768,0.009070349328048831
ck_139b54e6ccbdd7da,0.16687367554337312
ck_d6f5c8741697abb3,0.0344230049312517
ck_a28d9bb5590d458f,0.34659401330650197
ck_ed26d906883bea0a,0.020584412365307305
ck_227602ad072b838b,0.007548112048978088
ck_39d5f6c17c745ab1,0.003907557074278951
ck_744eade757ba69b5,0.10201220363752823
ck_c1295d97cdf35ec2,0.0162619905347691
ck_69105f881da3c821,0.03889104492992704
ck_933789b55361d7c1,0.8731946313135438
ck_b667952253503174,0.02319261417452888
ck_7bf668e25abeeb05,0.0073302522085630616
ck_91742711dfdffd56,0.06387308094424209
ck_af32a0660090dd68,0.02545042879830255
ck_2122f201e65f76ee,0.011746886382981181
ck_f48acb73a5d6af07,0.11272974251457461
ck_337c5684510cf432,0.12620899017849335
ck_f7bde7265053364d,0.05872800726664434
ck_c190c7b924edba75,0.26830371452627727
ck_044fa3b3a003f0b5,0.06941638661057908
ck_87eb43e3b9d96169,0.10215066183712869
ck_2d3d6c9364362017,0.005631342028053085
ck_ac55dc6cbcdf8228,0.012234929650698782
ck_61d7b0568ec5d6cf,0.17493944093911643
ck_89c74feeaffa7d09,0.011603290474183237
ck_93776b0c113f41f0,0.09996225276815357
ck_15e0b679931f7a8d,0.034074573221766505
ck_77b56c49cfdb1d81,0.39417839709805746
ck_73188a826b5f499f,0.023548579971847873
ck_4f463ef25325ddfa,0.4173007444721409
ck_863db2e394dc47d1,0.9908971959260944
ck_d52432ed597f3cc9,0.030105829998051552
ck_04fb61e5739642f8,0.28283156960055683
ck_2e481d75d110c06d,0.3887578039075611
ck_3fa1a523d77cd619,0.032132163216860535
ck_466dc6274fecd708,0.03208763553815133
ck_e1790b3aa2241b10,0.9260678440518834
ck_84ad096a46e1a960,0.10609751031328434
ck_3be72c9c178fa00d,0.04142564286112228
ck_5a17c89219d1d9fe,0.01271661587514585
ck_4f639f4ee6ce8d9e,0.20022176749492196
ck_f4ec4a935e51b4db,0.025945254639496595
ck_f04040a830f92bac,0.011427950315834077
ck_3e4d02a04be2aaf8,0.006644914999141378
ck_4d1baef193cfb900,0.17302733569859585
ck_0fb3153d37626b75,0.0028860613676610293
ck_88ec57a11b11f702,0.9557799531451965
ck_dca9dc465f759db4,0.00812393920049652
ck_64f5fba6af67e024,0.016301070820522547
ck_896096cb167254ef,0.1495624784862633
ck_7878679065876b98,0.06152413823877548
ck_fe8e5a6c880ceb4e,0.004778568150200413
ck_a5e036327d3d1862,0.002994900639977977
ck_310f73940fc4cf4f,0.01559073047898234
ck_46a8db16ad00b749,0.03930047281553386
ck_0d33977c3de8cfaf,0.9947311160494128
ck_c6fff412f531db0f,0.0030748031453545557
ck_bac6dadf428eaea9,0.03282862124968352
ck_1b96d9af0d7da2d5,0.006039304538867401
ck_fa8a4a9e77799fcc,0.004006503634511639
ck_0bf48607a874b4d1,0.020939619929244296
ck_eeb75f8a6439f65e,0.04097347462521374
ck_a209a5f7d172125e,0.019811797807653714
ck_8f346b72fb40bf14,0.04179746720453297
ck_bccbf9fef367f00f,0.05050175956004861
ck_2d1548f1ee405cc9,0.010557362973156481
ck_e8298ff2dc1e9d50,0.0060452976182594495
ck_77c0fb524edb4a94,0.039331522920349984
ck_28ac4c5134cb8e77,0.12058373635740342
ck_db23a0e3e54be60c,0.7196254256135245
ck_a059d00cee5cee99,0.013820855246231509
ck_3e9e3bba8bd363af,0.02376505564743929
ck_0428728df24cdab4,0.011990094200163852
ck_88cd35378075c84f,0.0067353334988369574
ck_0174d76398d9dc0f,0.10483659709095795
ck_3f1287e6c27de0dc,0.013546382407209817
ck_ff822700f3605e06,0.9994483209910644
ck_4563227b2038ae07,0.2999684924275012
ck_788e78065526ee19,0.06403149369806972
ck_8a16eb584093b12f,0.00464276168474649
ck_cc276f71ab6c08fd,0.0735675213614227
ck_d61d97b21002f3e9,0.05626579141526201
ck_4b2e87d86a5e415c,0.12081620374241858
ck_3e6f35e4500d2f2a,0.0052249515373498645
ck_3acdb083e0d8ad61,0.012538088852348613
ck_cd655202db489010,0.008858211056968013
ck_829cbf5ccda481ae,0.005656449208102997
ck_f5882e6f98b8b4cd,0.014277799814856157
ck_767947540b234add,0.04486940535373014
ck_a6e8e8f535b1f1d1,0.16126774418299045
ck_58412a2674fea506,0.032256721135272726
ck_fae7e518a585fa61,0.03756107869479838
ck_9c60ae6958d68dbd,0.4048839285379378
ck_328696b8f5e54ec6,0.3497852789072535
ck_7df3f8f4f1068d62,0.003501499637833021
ck_cfadd21458230ef7,0.029262165205929638
ck_7048bedd554c703b,0.010294195459054935
ck_50422466f145bfd7,0.004035261876039213
ck_61e1f7168cd9ff25,0.08055179200126733
ck_733aff0f56f5b3c9,0.14077436150777045
ck_e14892e424180549,0.003272721634051349
ck_03f6664a96de7d0f,0.05940440136817101
ck_b7f4baa2cc82fe61,0.014400418419682693
ck_1e51199a075ca0fa,0.01510429771381401
ck_0e70516fa07cfb17,0.9719364692771292
ck_0f37c554a5057801,0.5702269812815658
ck_5576b725de38d106,0.012053164134644051
ck_82f360df1e9f4eb8,0.07517900070297201
ck_395f3bd4aacd7ca6,0.0343917484659748
ck_5e8e857b63966609,0.6549145897722489
ck_93470896f0804b6b,0.9787404420085106
ck_3be854e42e76569a,0.0070648558572251365
ck_0567302c57a2417e,0.3032449287620104
ck_ee535461b5f05539,0.4085508985144229
ck_94a096c36162a153,0.059642603465982734
ck_dfc8f5c141fd7c63,0.004707450975737712
ck_98b34f2d704c1c2a,0.0368199795537946
ck_96dff7a09d45f116,0.08176737043796067
ck_79557434c129ba52,0.017839180247665003
ck_4596624a7c01d501,0.012109138913007486
ck_04e89fbd739243fa,0.008136467559735261
ck_6149ffaf18872dc8,0.00575392024998227
ck_cd78f0832a09bd8f,0.7787297538215735
ck_7e29c10d781c3b41,0.03870304751377553
ck_1f7ee7b23fc6f2f4,0.006893915173641785
ck_c49b685d2b3ab89a,0.04319997407397182
ck_84569a8fc50e73ac,0.0377969788643428
ck_b92b11d205af91eb,0.007607220822493534
ck_06280e6d6d2485b0,0.011874952071016508
ck_3c08546dd0c92863,0.016667508139186098
ck_99d3983f907828bf,0.019860475576294796
ck_eccfd552aa652d3c,0.08961415424950793
ck_0cff8153881875ba,0.08317560705403576
ck_c1aebbeca6ab5ff9,0.020733047787087892
ck_538fdbbb3c2bcbbb,0.050972836614858096
ck_8c0210322733c718,0.010791550962684977
ck_0b0c93039f987abc,0.04210832494999877
ck_6d07d6d1bd227d37,0.20649909100912872
ck_9b6ee35e8cd0b11c,0.00973725664882929
ck_d838491d3d4f5ecf,0.17088912046954421
ck_0593ae243a9ebee9,0.025341411865531502
ck_ef261fc09be8eb0b,0.0069827800571305885
ck_d0935b571a4a3868,0.017674081760768966
ck_97d04a67a104af39,0.1752379168853799
ck_e25f70d0b7229420,0.048350429319375055
ck_9b71274ff83de482,0.9672238768470706
ck_6de2aa2bb60978d3,0.07023070422118345
ck_eda55c8fb47593d7,0.041611292064490095
ck_924e572517515f19,0.46679149586221613
ck_d6f27eacbad310f4,0.019483218919006222
ck_8550f229b5eb03ab,0.011313568176937322
ck_e3e95546a84d0ed8,0.08303331463620128
ck_3135c019696ee6af,0.9921766926631006
ck_41ba315d8fccb559,0.014675871101146827
ck_72b86e4485da2d0f,0.9918446818254679
ck_daaa995f3c2f0e47,0.025784631859892035
ck_053746067839696b,0.07452324242051729
ck_a15fe7d0f4b65c33,0.7693972728769691
ck_15de11438732bb05,0.025441977488923902
ck_2c4d25acbe3fabd9,0.021706580095025185
ck_7f08078908599bd2,0.08046847267622678
ck_e794741742fb2619,0.10491612999855535
ck_238e53b6dee8c301,0.004016450157240018
ck_53a6a33060d5c8b8,0.020030864086629345
ck_0e0919292ad33472,0.806801468751685
ck_d86ccf148c06c8c8,0.07400039993934567
ck_c881f26c9bf9ae42,0.6604915210099414
ck_4b0947bf94e9d847,0.07278664236501203
ck_e10ff5c38bd18470,0.030917260272878836
ck_b60de9e97aad9e45,0.5804004772851085
ck_190bc849e5ff5401,0.09808998576078608
ck_e7be077aa0b2632c,0.012681204869553516
ck_a51abde881ebeff3,0.08256145269179939
ck_2208392a9f6bd249,0.13022248081928112
ck_0259da8f109017e9,0.01828797843139919
ck_05e01ab9c95449da,0.1001170886676912
ck_c82897ebffb6ae66,0.034295311580133665
ck_b4a6bb4689cd7cfa,0.1095285557779832
ck_9e21ea33018ce538,0.027896715653549228
ck_caa348f0e65db062,0.9864713391112844
ck_a964e6b5d8415334,0.8044289276985708
ck_510bfbbee37ff436,0.03178226348316154
ck_9741a82faf5c7889,0.060505529060287756
ck_e7f61b4a39ba98ac,0.007521344658601899
ck_069d158665a53909,0.09015404985548513
ck_6426427efe3228af,0.06989713901045332
ck_ab4a8d02ec3c0fd7,0.0031370977724363594
ck_aefa0d8d933e0eca,0.06611346046709585
ck_232325ef6bce92f1,0.022413700239076795
ck_14e58c3fb26a2b4d,0.049872354666161245
ck_06e73afdec26aecc,0.2631866238899398
ck_3168f4f2778d64e1,0.017029118442953
ck_ff3998d6858daa21,0.004196913312207655
ck_bccff46fb0868454,0.5637848078879394
ck_c7d444d90fa86d7c,0.7438394653014433
ck_f0bc3bdee6bfbb94,0.024553712670999896
ck_f7112818a6d81422,0.06256012618200937
ck_aca35dbcb835ad02,0.4636980100882633
ck_f637fabf0f60528f,0.03412529540285852
ck_53d17ab97de1ac3e,0.022930766490026084
ck_c8c1bf16d9113493,0.15078011644594425
ck_e842fb0cf055a83b,0.193274676657868
ck_93c0cb3dac4891fe,0.013315632014387091
ck_0c1f088e17e46daf,0.08339026910707398
ck_8f4b384955bf57c9,0.010717643195972185
ck_09cd5c4df1e81ac2,0.13998217226604373
ck_1e832a5b2342554f,0.23639037946542812
ck_2cb763a881aee27f,0.006546497422593447
ck_5875828b11406398,0.008722902869055058
ck_48e84b0cb0b90fa7,0.09863566945257586
ck_833688de8629c5c0,0.01097430041656527
ck_117d78ccd5820f36,0.020365256837107874
ck_668ec61c4c39cae3,0.004865887310406336
ck_73a7794b659d7a34,0.01408838063491923
ck_10f90d879209734f,0.03334554907743992
ck_d1d079913aa158bf,0.012232126098288856
ck_01c631b38e8a9535,0.012072323905272605
ck_f6923088c17a04e2,0.3327582427974646
ck_b447badc9138987d,0.004938140731819061
ck_8b772caed8f1541c,0.002170396549991043
ck_5403c76fe68a08ba,0.18492239342274322
ck_3e6833574edf1736,0.013334780304229564
ck_e527fbb9450a4581,0.9512029445503455
ck_cc90e219f1ebf390,0.0030585850912885487
